Roving04785576285,Museum Kereta Ambarawa,5,tempatnya nyaman
Dr.Tanvir Ahmad Khan,Museum Kereta Ambarawa,5,Tempatnya bagus
Saurabh M,Museum Kereta Ambarawa,4,keren
vasant agshikar,Museum Kereta Ambarawa,1,ada orang yang melakukan pungutan liar
Gurutej,Museum Kereta Ambarawa,2,pungli
OctOriental,Museum Kereta Ambarawa,1,ada orang yang melakukan pungutan liar
Global-Bhatakanti,Museum Kereta Ambarawa,2,ada pungli
Shivam,Museum Kereta Ambarawa,2,ada orang yang melakukan pungutan liar
DrQuresh M,Museum Kereta Ambarawa,2,ada pungli
Krishna,Museum Kereta Ambarawa,5,Tempatnya bagus
salony s,Museum Kereta Ambarawa,1,ada pungli
Pradip Kumar Roy Choudhury,Museum Kereta Ambarawa,4,keren
MLGP2015,Museum Kereta Ambarawa,5,cocok untuk healing
Avirup Guha Roy,Museum Kereta Ambarawa,1,ada orang yang melakukan pungutan liar
shekher Khandelwal,Museum Kereta Ambarawa,1,ada pungli
yesarar,Museum Kereta Ambarawa,5,tempatnya bagus
Raja vishnu vardhan Reddy (visrey),Museum Kereta Ambarawa,4,tempatnya bagus
abizer p,Museum Kereta Ambarawa,5,Tempatnya bagus
Anjana,Museum Kereta Ambarawa,1,ada orang yang melakukan pungutan liar
dr ganapathi bhat,Museum Kereta Ambarawa,2,ada pungutan liar
Suman@620,Museum Kereta Ambarawa,2,ada orang yang melakukan pungutan liar
Lalz,Museum Kereta Ambarawa,2,ada pungutan liar
Rohit g,Museum Kereta Ambarawa,3,pungutan liar
Sunil,Museum Kereta Ambarawa,1,pungutan liar
Mutukuloju Pranay,Museum Kereta Ambarawa,2,ada pungutan liar
PsychoEdinburgh,Museum Kereta Ambarawa,2,ada pungutan liar
Nipunika J,Museum Kereta Ambarawa,2,ada pungli
Kartik M,Museum Kereta Ambarawa,5,keren
The Food Wanderer,Museum Kereta Ambarawa,4,Tempatnya bagus
Journeyscribe,Museum Kereta Ambarawa,2,ada pungli
Andrew D,Museum Kereta Ambarawa,2,ada pungutan liar
TANISHK REDDY,Museum Kereta Ambarawa,4,cocok untuk healing
OctOriental,Museum Kereta Ambarawa,4,tempatnya bagus
Chandra J,Museum Kereta Ambarawa,2,ada orang yang melakukan pungutan liar
skychaserCalgary,Museum Kereta Ambarawa,5,Tempatnya bagus
Michael M,Museum Kereta Ambarawa,4,tempatnya bagus
skychaserCalgary,Museum Kereta Ambarawa,2,ada pungutan liar
TANISHK REDDY,Museum Kereta Ambarawa,2,pungli
Raman G,Museum Kereta Ambarawa,2,ada orang yang melakukan pungutan liar
casandeep,Museum Kereta Ambarawa,4,cocok untuk healing
sramanujamk,Museum Kereta Ambarawa,2,ada pungli
TANISHK REDDY,Museum Kereta Ambarawa,4,Tempatnya bagus
casandeep,Museum Kereta Ambarawa,2,ada pungutan liar
ullacarinquiterio,Museum Kereta Ambarawa,2,ada pungutan liar
OctOriental,Museum Kereta Ambarawa,2,pungli
Chandra J,Museum Kereta Ambarawa,5,keren
ullacarinquiterio,Museum Kereta Ambarawa,2,ada pungli
casandeep,Museum Kereta Ambarawa,1,pungutan liar
skychaserCalgary,Museum Kereta Ambarawa,5,keren
Michael M,Museum Kereta Ambarawa,1,ada orang yang melakukan pungli
Alok Kumar,Museum Kereta Ambarawa,5,Tempatnya bagus
Anne R,Museum Kereta Ambarawa,1,ada orang yang melakukan pungutan liar
Umesh R,Museum Kereta Ambarawa,4,Tempatnya bagus
Praveen K,Museum Kereta Ambarawa,2,ada orang yang melakukan pungutan liar
Nipunika J,Museum Kereta Ambarawa,2,ada pungli
Praveen K,Museum Kereta Ambarawa,5,cocok untuk healing
Oneil,Museum Kereta Ambarawa,1,ada pungli
Rajendra Kumar,Museum Kereta Ambarawa,1,ada orang yang melakukan pungutan liar
W S,Museum Kereta Ambarawa,4,cocok untuk healing
Nomad62809628404,Museum Kereta Ambarawa,5,cocok untuk healing
Tour16718529191,Museum Kereta Ambarawa,4,tempatnya nyaman
Navigator22613068778,Museum Kereta Ambarawa,2,pungutan liar
Seaside50789431025,Museum Kereta Ambarawa,1,ada orang yang melakukan pungli
Sai R,Museum Kereta Ambarawa,5,keren
Escape46115598986,Museum Kereta Ambarawa,1,ada orang yang melakukan pungutan liar
Culture36590785733,Museum Kereta Ambarawa,1,pungutan liar
Connector67318695625,Museum Kereta Ambarawa,2,pungli
Abhinav,Museum Kereta Ambarawa,5,cocok untuk healing
Dream21377815595,Museum Kereta Ambarawa,1,ada pungli
naresh,Museum Kereta Ambarawa,5,tempatnya nyaman
Go12358366988,Museum Kereta Ambarawa,4,keren
Sivathmika,Museum Kereta Ambarawa,2,pungli
Voyage59979330144,Museum Kereta Ambarawa,2,pungutan liar
Sravan,Museum Kereta Ambarawa,5,cocok untuk healing
Camper52909614311,Museum Kereta Ambarawa,1,ada orang yang melakukan pungutan liar
Bittu Blaze,Museum Kereta Ambarawa,2,pungutan liar
Kumar,Museum Kereta Ambarawa,2,pungli
Niki,Museum Kereta Ambarawa,1,pungli
Tourist40373234933,Museum Kereta Ambarawa,1,ada pungutan liar
Explore50466376210,Museum Kereta Ambarawa,4,tempatnya nyaman
BoardingPass712056,Museum Kereta Ambarawa,2,ada pungli
Passport64805706078,Museum Kereta Ambarawa,5,tempatnya nyaman
Dreamer20627251882,Museum Kereta Ambarawa,5,tempatnya bagus
Priya,Museum Kereta Ambarawa,5,keren
Sydulu,Museum Kereta Ambarawa,1,ada orang yang melakukan pungutan liar
Karthik,Museum Kereta Ambarawa,5,tempatnya nyaman
Relax05185638492,Museum Kereta Ambarawa,1,ada orang yang melakukan pungutan liar
Escape64008578405,Museum Kereta Ambarawa,1,ada pungutan liar
Trail03702947730,Museum Kereta Ambarawa,2,pungli
FarAway33611282453,Museum Kereta Ambarawa,1,pungutan liar
Relax14297068989,Museum Kereta Ambarawa,1,ada pungutan liar
Traveler26176183558,Museum Kereta Ambarawa,1,ada orang yang melakukan pungli
Gerado Clausell Cabtavella,Museum Kereta Ambarawa,5,tempatnya bagus
Shubham S,Museum Kereta Ambarawa,3,tempatnya bagus
Kiran M,Museum Kereta Ambarawa,2,ada pungutan liar
Aditi A,Museum Kereta Ambarawa,1,pungutan liar
Kerala Honeymoo... s,Museum Kereta Ambarawa,4,keren
Raj,Museum Kereta Ambarawa,2,ada orang yang melakukan pungutan liar
Shafeeq T,Museum Kereta Ambarawa,5,keren
Biswajit M,Museum Kereta Ambarawa,1,pungli
Konganapally Laasya,Museum Kereta Ambarawa,5,Tempatnya bagus
Mayank G,Museum Kereta Ambarawa,1,ada orang yang melakukan pungli
Amol S,Museum Kereta Ambarawa,3,ada pungutan liar
queenspr,Museum Kereta Ambarawa,1,ada orang yang melakukan pungli
Sourabh Singh,Museum Kereta Ambarawa,5,tempatnya nyaman
Bhavesh Bariya,Museum Kereta Ambarawa,4,keren
TravelbuggIndia,Museum Kereta Ambarawa,1,ada orang yang melakukan pungutan liar
swati,Museum Kereta Ambarawa,5,tempatnya bagus
jamrasperingadi,Museum Kereta Ambarawa,2,ada orang yang melakukan pungli
swaphustler,Museum Kereta Ambarawa,5,cocok untuk healing
Sai Harinath G,Museum Kereta Ambarawa,5,Tempatnya bagus
Gurus49,Museum Kereta Ambarawa,1,pungli
Mainak_Choudhuri,Museum Kereta Ambarawa,4,tempatnya bagus
Twinkle Sonar,Museum Kereta Ambarawa,2,ada orang yang melakukan pungli
Wilayat,Museum Kereta Ambarawa,5,tempatnya bagus
advait,Museum Kereta Ambarawa,2,ada pungli
Tarun,Museum Kereta Ambarawa,1,ada pungli
Rajujacob,Museum Kereta Ambarawa,2,ada orang yang melakukan pungli
MyNameIs Shiva,Museum Kereta Ambarawa,5,Tempatnya bagus
OMKAR PAGADALA,Museum Kereta Ambarawa,4,Tempatnya bagus
jastmeet,Museum Kereta Ambarawa,2,ada orang yang melakukan pungli
RaviPoojari,Museum Kereta Ambarawa,5,tempatnya bagus
Manideep Vavila,Museum Kereta Ambarawa,1,ada pungutan liar
Qkahmed,Museum Kereta Ambarawa,1,ada orang yang melakukan pungli
Rahul S,Museum Kereta Ambarawa,4,keren
vmsatheesh22,Museum Kereta Ambarawa,5,tempatnya bagus
HONEY,Museum Kereta Ambarawa,5,tempatnya nyaman
pvrkaushik,Museum Kereta Ambarawa,2,ada pungli
TravelEnthusiast,Museum Kereta Ambarawa,5,cocok untuk healing
NIL_MODI,Museum Kereta Ambarawa,5,Tempatnya bagus
Dr I R Patil,Museum Kereta Ambarawa,2,pungli
Rakesh,Museum Kereta Ambarawa,3,ada pungutan liar
Suresh1976,Museum Kereta Ambarawa,4,tempatnya nyaman
manikantaa,Museum Kereta Ambarawa,2,pungutan liar
vinodkhedkar,Museum Kereta Ambarawa,2,ada orang yang melakukan pungli
Sana B,Museum Kereta Ambarawa,1,ada pungutan liar
Udmaam,Museum Kereta Ambarawa,4,tempatnya bagus
Reon Sylvester,Museum Kereta Ambarawa,2,ada pungli
Vidyadheesh U,Museum Kereta Ambarawa,5,keren
kurukuntla raviteja,Museum Kereta Ambarawa,2,ada pungutan liar
Global-Bhatakanti,Museum Kereta Ambarawa,1,ada orang yang melakukan pungutan liar
panii2015,Museum Kereta Ambarawa,3,ada pungli
73prashantha,Museum Kereta Ambarawa,5,tempatnya nyaman
guddu1954,Museum Kereta Ambarawa,1,ada pungli
deepa v,Museum Kereta Ambarawa,1,ada orang yang melakukan pungutan liar
Sourabh D,Museum Kereta Ambarawa,4,Tempatnya bagus
venkatakarthik,Museum Kereta Ambarawa,2,ada orang yang melakukan pungutan liar
TTDh,Museum Kereta Ambarawa,1,ada pungli
koteswararao,Museum Kereta Ambarawa,1,ada orang yang melakukan pungli
eeebvr,Museum Kereta Ambarawa,2,pungutan liar
ChhayaHyd,Museum Kereta Ambarawa,1,ada pungli
Amazing_Neo,Museum Kereta Ambarawa,2,ada pungli
lonetraveler1,Museum Kereta Ambarawa,1,pungutan liar
Vaishnavi_g,Museum Kereta Ambarawa,2,pungli
lkoraj,Museum Kereta Ambarawa,5,keren
Milind Kshirsagar,Museum Kereta Ambarawa,2,ada pungli
Kaushik G,Museum Kereta Ambarawa,5,tempatnya bagus
RANGANATHAN SVN KONDALA,Museum Kereta Ambarawa,1,pungutan liar
BhaskarVVB,Museum Kereta Ambarawa,2,ada orang yang melakukan pungutan liar
MyNameIs Shiva,Museum Kereta Ambarawa,1,pungutan liar
Niyoti,Museum Kereta Ambarawa,2,ada orang yang melakukan pungutan liar
Sai,Museum Kereta Ambarawa,2,ada pungli
Gurmeet,Museum Kereta Ambarawa,1,ada orang yang melakukan pungli
Muneer,Museum Kereta Ambarawa,2,ada orang yang melakukan pungli
abrahamsuji,Museum Kereta Ambarawa,5,Tempatnya bagus
avixorld,Museum Kereta Ambarawa,1,ada pungutan liar
Mdeweyer,Museum Kereta Ambarawa,3,ada pungli
ShvRm_Traveller,Museum Kereta Ambarawa,2,ada pungutan liar
Sohail S,Museum Kereta Ambarawa,1,ada orang yang melakukan pungli
Abhishek M,Museum Kereta Ambarawa,4,cocok untuk healing
Bhupendra K,Museum Kereta Ambarawa,5,cocok untuk healing
Ruth M,Museum Kereta Ambarawa,2,pungli
Santosh K,Museum Kereta Ambarawa,5,cocok untuk healing
mohan,Museum Kereta Ambarawa,1,ada orang yang melakukan pungli
alientraveller,Museum Kereta Ambarawa,1,ada pungutan liar
Madhavi,Museum Kereta Ambarawa,4,cocok untuk healing
YatriForever,Museum Kereta Ambarawa,5,keren
deejay90210,Museum Kereta Ambarawa,1,pungli
Ashish S,Museum Kereta Ambarawa,4,Tempatnya bagus
Naveen,Museum Kereta Ambarawa,1,pungli
Amit Rathour,Museum Kereta Ambarawa,1,ada pungutan liar
Ravindra V,Museum Kereta Ambarawa,4,tempatnya nyaman
Shashikant Pandey,Museum Kereta Ambarawa,5,cocok untuk healing
Talent P,Museum Kereta Ambarawa,2,pungutan liar
Sundaresh,Museum Kereta Ambarawa,3,ada pungutan liar
VasantaLeela,Museum Kereta Ambarawa,2,ada orang yang melakukan pungli
Neelam Rawat,Museum Kereta Ambarawa,4,tempatnya bagus
Pablodvlp,Museum Kereta Ambarawa,3,ada orang yang melakukan pungutan liar
shirin t,Museum Kereta Ambarawa,2,ada orang yang melakukan pungutan liar
Supraja,Museum Kereta Ambarawa,5,tempatnya nyaman
Quest797144,Museum Kereta Ambarawa,2,pungli
Pratik Choudhari,Museum Kereta Ambarawa,1,ada orang yang melakukan pungutan liar
pushpa b,Museum Kereta Ambarawa,5,keren
CuriousTraveller2014,Museum Kereta Ambarawa,1,pungli
Praveen,Museum Kereta Ambarawa,5,cocok untuk healing
KARTHIK I,Museum Kereta Ambarawa,5,cocok untuk healing
Dieneish A,Museum Kereta Ambarawa,3,ada pungutan liar
Nikhil Shah,Museum Kereta Ambarawa,1,pungli
jastmeet,Museum Kereta Ambarawa,1,pungli
Ankit G,Museum Kereta Ambarawa,1,ada pungli
deepa v,Museum Kereta Ambarawa,2,tempatnya nyaman
Rajani K,Museum Kereta Ambarawa,5,Tempatnya bagus
Shailendra,Museum Kereta Ambarawa,4,tempatnya nyaman
Partha Sarathi M,Museum Kereta Ambarawa,1,ada pungli
koteswararao,Museum Kereta Ambarawa,5,keren
Premnath K,Museum Kereta Ambarawa,2,ada pungutan liar
seedhunter,Museum Kereta Ambarawa,2,ada pungutan liar
Ravi K,Museum Kereta Ambarawa,2,ada orang yang melakukan pungli
PrasadBgv,Museum Kereta Ambarawa,4,Tempatnya bagus
Prasun_Patel,Museum Kereta Ambarawa,5,cocok untuk healing
Sarala C,Museum Kereta Ambarawa,4,tempatnya bagus
Gurudath,Museum Kereta Ambarawa,1,pungutan liar
Andrew D,Museum Kereta Ambarawa,2,ada pungli
Shankar I,Museum Kereta Ambarawa,5,cocok untuk healing
Ratan,Museum Kereta Ambarawa,4,tempatnya bagus
Shailendra,Museum Kereta Ambarawa,2,ada pungutan liar
abrahamsuji,Museum Kereta Ambarawa,2,pungli
HARISH,Museum Kereta Ambarawa,1,pungutan liar
NIL_MODI,Museum Kereta Ambarawa,2,ada orang yang melakukan pungli
SRIKAKOLAPU,Museum Kereta Ambarawa,3,ada pungli
pvrkaushik,Museum Kereta Ambarawa,2,ada pungutan liar
NG,Museum Kereta Ambarawa,2,ada pungli
NIL_MODI,Museum Kereta Ambarawa,2,ada orang yang melakukan pungutan liar
S R V,Museum Kereta Ambarawa,5,Tempatnya bagus
NG,Museum Kereta Ambarawa,4,keren
Kishore W,Museum Kereta Ambarawa,2,pungutan liar
HARISH,Museum Kereta Ambarawa,4,tempatnya nyaman
SRIKAKOLAPU,Museum Kereta Ambarawa,2,cocok untuk healing
S R V,Museum Kereta Ambarawa,1,pungutan liar
NG,Museum Kereta Ambarawa,2,pungli
SRIKAKOLAPU,Museum Kereta Ambarawa,4,keren
pvrkaushik,Museum Kereta Ambarawa,3,ada orang yang melakukan pungli
Mukta2016,Museum Kereta Ambarawa,2,pungutan liar
NG,Museum Kereta Ambarawa,5,cocok untuk healing
S R V,Museum Kereta Ambarawa,5,tempatnya bagus
HARISH,Museum Kereta Ambarawa,4,cocok untuk healing
NG,Museum Kereta Ambarawa,2,ada pungli
Kishore W,Museum Kereta Ambarawa,5,Tempatnya bagus
pvrkaushik,Museum Kereta Ambarawa,4,keren
NG,Museum Kereta Ambarawa,1,pungli
Bobby Alexander,Museum Kereta Ambarawa,2,"seseorang memaksa saya membayar tempat, ini termasuk Pungutan Liar"
Rachel Chavez,Museum Kereta Ambarawa,2,"seseorang memaksa saya membayar tempat, ini termasuk Pungutan Liar"
Tina Richmond,Museum Kereta Ambarawa,2,"seseorang memaksa saya membayar tempat, ini termasuk Pungutan Liar"
Ronald Mayo,Museum Kereta Ambarawa,2,"seseorang memaksa saya membayar tempat, ini termasuk Pungutan Liar"
Joshua Mosley,Museum Kereta Ambarawa,2,"seseorang memaksa saya membayar tempat, ini termasuk Pungutan Liar"
Maria Finley,Museum Kereta Ambarawa,2,"seseorang memaksa saya membayar tempat, ini termasuk Pungutan Liar"
Christopher Jackson,Museum Kereta Ambarawa,2,"seseorang memaksa saya membayar tempat, ini termasuk Pungutan Liar"
Kayla Nichols,Museum Kereta Ambarawa,2,"seseorang memaksa saya membayar tempat, ini termasuk Pungutan Liar"
Frank Ortega,Museum Kereta Ambarawa,2,"seseorang memaksa saya membayar tempat, ini termasuk Pungutan Liar"
Lisa Parks,Museum Kereta Ambarawa,2,"seseorang memaksa saya membayar tempat, ini termasuk Pungutan Liar"
Brenda Gates,Museum Kereta Ambarawa,2,"seseorang memaksa saya membayar tempat, ini termasuk Pungutan Liar"
Patrick Yoder,Museum Kereta Ambarawa,2,"seseorang memaksa saya membayar tempat, ini termasuk Pungutan Liar"
Katie Nelson,Museum Kereta Ambarawa,5,tempatnya menyenangkan
Dana Barnes,Museum Kereta Ambarawa,5,tempatnya menyenangkan
John Grimes,Museum Kereta Ambarawa,5,tempatnya menyenangkan
Francisco Richardson,Museum Kereta Ambarawa,5,tempatnya menyenangkan
Tammy Long,Museum Kereta Ambarawa,5,tempatnya menyenangkan
George Williams,Museum Kereta Ambarawa,5,tempatnya menyenangkan
Heather Roberts,Museum Kereta Ambarawa,5,tempatnya menyenangkan
Jason Murray,Museum Kereta Ambarawa,5,tempatnya menyenangkan
Carl Allen,Museum Kereta Ambarawa,5,tempatnya menyenangkan
Katherine Rivera,Museum Kereta Ambarawa,5,tempatnya menyenangkan
Pamela Clark,Museum Kereta Ambarawa,5,tempatnya menyenangkan
Anthony Edwards,Museum Kereta Ambarawa,5,tempatnya menyenangkan
Heather Beasley,Museum Kereta Ambarawa,5,tempatnya menyenangkan
Brian Hobbs,Museum Kereta Ambarawa,5,tempatnya menyenangkan
Cindy Mcintosh,Museum Kereta Ambarawa,5,tempatnya menyenangkan
Anna Lee,Museum Kereta Ambarawa,1,seseorang melakukan Pungli
Kirsten Foster,Museum Kereta Ambarawa,1,seseorang melakukan Pungli
Catherine Diaz,Museum Kereta Ambarawa,1,seseorang melakukan Pungli
Nicole Taylor,Museum Kereta Ambarawa,1,seseorang melakukan Pungli
Ethan Huffman,Museum Kereta Ambarawa,1,seseorang melakukan Pungli
Stuart Love,Museum Kereta Ambarawa,1,seseorang melakukan Pungli
Rachael Delgado,Museum Kereta Ambarawa,1,seseorang melakukan Pungli
Timothy Williams,Museum Kereta Ambarawa,1,seseorang melakukan Pungli
Erika Smith,Museum Kereta Ambarawa,1,seseorang melakukan Pungli
Jared Armstrong,Museum Kereta Ambarawa,1,seseorang melakukan Pungli
Richard Jones,Museum Kereta Ambarawa,1,seseorang melakukan Pungli
Donna Wright,Museum Kereta Ambarawa,1,seseorang melakukan Pungli
Cheyenne Becker,Museum Kereta Ambarawa,1,seseorang melakukan Pungli
Michael Bush,Museum Kereta Ambarawa,1,seseorang melakukan Pungli
Kimberly Jenkins,Museum Kereta Ambarawa,1,seseorang melakukan Pungli
Evan Robinson,Museum Kereta Ambarawa,1,seseorang melakukan Pungli
Bailey Adams,Museum Kereta Ambarawa,1,seseorang melakukan Pungli
Robert Graves,Museum Kereta Ambarawa,1,seseorang melakukan Pungli
Stephen Hogan,Museum Kereta Ambarawa,1,seseorang melakukan Pungli
Joyce Parsons,Museum Kereta Ambarawa,1,seseorang melakukan Pungli
Kyle Hoffman,Museum Kereta Ambarawa,1,seseorang melakukan Pungli
Kimberly Lopez,Museum Kereta Ambarawa,5,Tempatnya bersih dan rapih
Richard Rose,Museum Kereta Ambarawa,5,Tempatnya bersih dan rapih
Paul Munoz,Museum Kereta Ambarawa,5,Tempatnya bersih dan rapih
Mrs. Kimberly Williamson,Museum Kereta Ambarawa,5,Tempatnya bersih dan rapih
Laurie Townsend,Museum Kereta Ambarawa,5,Tempatnya bersih dan rapih
Andrew Greene,Museum Kereta Ambarawa,5,Tempatnya bersih dan rapih
Natalie Allen,Museum Kereta Ambarawa,5,Tempatnya bersih dan rapih
Trevor Hunter,Museum Kereta Ambarawa,5,Tempatnya bersih dan rapih
Gabriel Hunter,Museum Kereta Ambarawa,5,Tempatnya bersih dan rapih
Cynthia Johnson,Museum Kereta Ambarawa,5,Tempatnya bersih dan rapih
Samantha Young,Museum Kereta Ambarawa,5,Tempatnya bersih dan rapih
Dillon Prince,Museum Kereta Ambarawa,5,Tempatnya bersih dan rapih
Michele Conner,Museum Kereta Ambarawa,5,Tempatnya bersih dan rapih
Tiffany Patel,Museum Kereta Ambarawa,5,Tempatnya bersih dan rapih
Travis Sullivan,Museum Kereta Ambarawa,5,Tempatnya bersih dan rapih
Mary Allen,Museum Kereta Ambarawa,5,Tempatnya bersih dan rapih
Shannon Carr,Museum Kereta Ambarawa,5,Tempatnya bersih dan rapih
Kenneth Miller,Museum Kereta Ambarawa,3,PUNGUTAN LIAR
Mrs. Brittany Dalton,Museum Kereta Ambarawa,3,PUNGUTAN LIAR
Lisa Robinson,Museum Kereta Ambarawa,3,PUNGUTAN LIAR
Nicholas Miller,Museum Kereta Ambarawa,3,PUNGUTAN LIAR
Hunter Graves,Museum Kereta Ambarawa,3,PUNGUTAN LIAR
Henry Martin,Museum Kereta Ambarawa,3,PUNGUTAN LIAR
Teresa Rose,Museum Kereta Ambarawa,3,PUNGUTAN LIAR
Brandon Wiggins,Museum Kereta Ambarawa,3,PUNGUTAN LIAR
John Edwards,Museum Kereta Ambarawa,3,PUNGUTAN LIAR
Mrs. Jennifer Moran,Museum Kereta Ambarawa,3,PUNGUTAN LIAR
Jessica Lam,Museum Kereta Ambarawa,3,PUNGUTAN LIAR
Amber Duncan,Museum Kereta Ambarawa,3,PUNGUTAN LIAR
Brandon Smith,Museum Kereta Ambarawa,3,PUNGUTAN LIAR
Evan Morgan,Museum Kereta Ambarawa,3,PUNGUTAN LIAR
Carl Williams,Museum Kereta Ambarawa,3,PUNGUTAN LIAR
Bobby Scott,Museum Kereta Ambarawa,3,PUNGUTAN LIAR
Amanda Smith,Museum Kereta Ambarawa,3,PUNGUTAN LIAR
James Dawson,Museum Kereta Ambarawa,3,PUNGUTAN LIAR
Michael Lewis,Museum Kereta Ambarawa,3,PUNGUTAN LIAR
Mrs. Colleen Burgess,Museum Kereta Ambarawa,3,PUNGUTAN LIAR
Laura Bender,Museum Kereta Ambarawa,3,PUNGUTAN LIAR
Jennifer Shea,Museum Kereta Ambarawa,3,PUNGUTAN LIAR
Kayla Gray,Museum Kereta Ambarawa,3,PUNGUTAN LIAR
Jamie Mays,Museum Kereta Ambarawa,5,Pemandangannya bagus
Amanda Manning,Museum Kereta Ambarawa,5,Pemandangannya bagus
Jacob Villanueva,Museum Kereta Ambarawa,5,Pemandangannya bagus
Laura Meyers,Museum Kereta Ambarawa,5,Pemandangannya bagus
Mark Simmons,Museum Kereta Ambarawa,5,Pemandangannya bagus
Joshua Robinson,Museum Kereta Ambarawa,5,Pemandangannya bagus
Cole Conway,Museum Kereta Ambarawa,5,Pemandangannya bagus
Jacqueline Taylor,Museum Kereta Ambarawa,5,Pemandangannya bagus
Anthony Harris,Museum Kereta Ambarawa,5,Pemandangannya bagus
Mr. Richard Carrillo,Museum Kereta Ambarawa,5,Pemandangannya bagus
Linda Johnson,Museum Kereta Ambarawa,5,Pemandangannya bagus
Taylor Chan,Museum Kereta Ambarawa,5,Pemandangannya bagus
Christopher Carpenter,Museum Kereta Ambarawa,5,Pemandangannya bagus
Scott Prince,Museum Kereta Ambarawa,5,Pemandangannya bagus
Jorge Bailey,Museum Kereta Ambarawa,5,Pemandangannya bagus
Jamie Lewis,Museum Kereta Ambarawa,5,Pemandangannya bagus
Haley Holland,Museum Kereta Ambarawa,5,Pemandangannya bagus
Lisa Kennedy,Museum Kereta Ambarawa,5,Pemandangannya bagus
Shannon Watson,Museum Kereta Ambarawa,5,Pemandangannya bagus
Jason Sandoval,Museum Kereta Ambarawa,5,Pemandangannya bagus
Scott Hendricks,Museum Kereta Ambarawa,5,Pemandangannya bagus
Teresa Mcintyre,Museum Kereta Ambarawa,2,PUNGLI
Christian Boyd,Museum Kereta Ambarawa,2,PUNGLI
Donna Schultz,Museum Kereta Ambarawa,2,PUNGLI
Marc Robinson,Museum Kereta Ambarawa,2,PUNGLI
Melody Schwartz,Museum Kereta Ambarawa,2,PUNGLI
James Acevedo,Museum Kereta Ambarawa,2,PUNGLI
Jill Nunez,Museum Kereta Ambarawa,2,PUNGLI
Ruth Krause,Museum Kereta Ambarawa,2,PUNGLI
Robert Miller,Museum Kereta Ambarawa,2,PUNGLI
Nicole Sanchez,Museum Kereta Ambarawa,2,PUNGLI
Stephanie Bell,Museum Kereta Ambarawa,2,PUNGLI
Kristen Curry,Museum Kereta Ambarawa,2,PUNGLI
Sean Young,Museum Kereta Ambarawa,2,PUNGLI
Erika Love,Museum Kereta Ambarawa,2,PUNGLI
Jasmine Hart,Museum Kereta Ambarawa,2,PUNGLI
Patricia Ramirez,Museum Kereta Ambarawa,2,PUNGLI
Karen Brock,Museum Kereta Ambarawa,2,PUNGLI
Jennifer Dunlap,Museum Kereta Ambarawa,2,PUNGLI
Joshua Walters,Museum Kereta Ambarawa,2,PUNGLI
David Jackson,Museum Kereta Ambarawa,4,suasananya sejuk cocok untuk cari angin
Corey Miller,Museum Kereta Ambarawa,4,suasananya sejuk cocok untuk cari angin
Cheryl Johnson,Museum Kereta Ambarawa,4,suasananya sejuk cocok untuk cari angin
Michael Gregory,Museum Kereta Ambarawa,4,suasananya sejuk cocok untuk cari angin
Tina Ramsey,Museum Kereta Ambarawa,4,suasananya sejuk cocok untuk cari angin
Sean Ward,Museum Kereta Ambarawa,4,suasananya sejuk cocok untuk cari angin
Christina Adams,Museum Kereta Ambarawa,4,suasananya sejuk cocok untuk cari angin
Michele Webb,Museum Kereta Ambarawa,4,suasananya sejuk cocok untuk cari angin
Kimberly Guerra,Museum Kereta Ambarawa,4,suasananya sejuk cocok untuk cari angin
Kathryn Matthews,Museum Kereta Ambarawa,4,suasananya sejuk cocok untuk cari angin
Stephen Lee,Museum Kereta Ambarawa,4,suasananya sejuk cocok untuk cari angin
Alexander Romero,Museum Kereta Ambarawa,4,suasananya sejuk cocok untuk cari angin
Jeremy Harris,Museum Kereta Ambarawa,4,suasananya sejuk cocok untuk cari angin
Stacy Phillips,Museum Kereta Ambarawa,4,suasananya sejuk cocok untuk cari angin
Anita Lucas,Museum Kereta Ambarawa,4,suasananya sejuk cocok untuk cari angin
Elizabeth Brooks PhD,Museum Kereta Ambarawa,4,suasananya sejuk cocok untuk cari angin
Kayla Sawyer,Museum Kereta Ambarawa,4,suasananya sejuk cocok untuk cari angin
Brian Cruz,Museum Kereta Ambarawa,4,suasananya sejuk cocok untuk cari angin
Tyler Jefferson,Museum Kereta Ambarawa,4,suasananya sejuk cocok untuk cari angin
Lindsay Weaver,Museum Kereta Ambarawa,4,suasananya sejuk cocok untuk cari angin
Christina Reid,Museum Kereta Ambarawa,4,suasananya sejuk cocok untuk cari angin
Christina Washington,Museum Kereta Ambarawa,4,suasananya sejuk cocok untuk cari angin
Kim Montoya,Museum Kereta Ambarawa,1,pUnguTAN LIAR
Jordan Hanson,Museum Kereta Ambarawa,1,pUnguTAN LIAR
Barbara Hill,Museum Kereta Ambarawa,1,pUnguTAN LIAR
Terri Green,Museum Kereta Ambarawa,1,pUnguTAN LIAR
Lisa York,Museum Kereta Ambarawa,1,pUnguTAN LIAR
Jeffery Davis,Museum Kereta Ambarawa,1,pUnguTAN LIAR
Mariah Garcia,Museum Kereta Ambarawa,1,pUnguTAN LIAR
Ashley Lam,Museum Kereta Ambarawa,1,pUnguTAN LIAR
Priscilla Davis,Museum Kereta Ambarawa,1,pUnguTAN LIAR
Kristina Marsh,Museum Kereta Ambarawa,1,pUnguTAN LIAR
Laurie Young,Museum Kereta Ambarawa,1,pUnguTAN LIAR
Erin Wright,Museum Kereta Ambarawa,1,pUnguTAN LIAR
Nicole Myers,Museum Kereta Ambarawa,1,pUnguTAN LIAR
Anthony Hancock,Museum Kereta Ambarawa,1,pUnguTAN LIAR
Robert Clark,Museum Kereta Ambarawa,1,pUnguTAN LIAR
Eugene Miller,Museum Kereta Ambarawa,1,pUnguTAN LIAR
Elizabeth Snyder,Museum Kereta Ambarawa,1,pUnguTAN LIAR
Stephen Ramirez,Museum Kereta Ambarawa,1,pUnguTAN LIAR
Charles Franklin,Museum Kereta Ambarawa,1,pUnguTAN LIAR
Carrie Gilbert,Museum Kereta Ambarawa,1,pUnguTAN LIAR
Ann Lopez,Museum Kereta Ambarawa,1,pUnguTAN LIAR
Stephen Roberson,Museum Kereta Ambarawa,2,pUngLi
John Carter,Museum Kereta Ambarawa,2,pUngLi
Christopher Lewis,Museum Kereta Ambarawa,2,pUngLi
Michelle King,Museum Kereta Ambarawa,2,pUngLi
Matthew Galloway MD,Museum Kereta Ambarawa,2,pUngLi
Jacob Henry,Museum Kereta Ambarawa,2,pUngLi
Jacob Ford,Museum Kereta Ambarawa,2,pUngLi
James Torres,Museum Kereta Ambarawa,2,pUngLi
Austin Delgado,Museum Kereta Ambarawa,2,pUngLi
Shawn Jones,Museum Kereta Ambarawa,2,pUngLi
Brenda Mendoza,Museum Kereta Ambarawa,2,pUngLi
John Garner,Museum Kereta Ambarawa,2,pUngLi
Jamie Harris,Museum Kereta Ambarawa,2,pUngLi
Kimberly Young,Museum Kereta Ambarawa,2,pUngLi
Heidi Garcia,Museum Kereta Ambarawa,2,pUngLi
Joel Davis,Museum Kereta Ambarawa,2,pUngLi
Lisa Wolf,Museum Kereta Ambarawa,2,pUngLi
Jeremy Rodgers,Museum Kereta Ambarawa,2,pUngLi
Stephanie Williams,Museum Kereta Ambarawa,5,"Bersih, nyaman, ramah"
Alexis White,Museum Kereta Ambarawa,5,"Bersih, nyaman, ramah"
Douglas Adams,Museum Kereta Ambarawa,5,"Bersih, nyaman, ramah"
Ryan Ramirez,Museum Kereta Ambarawa,5,"Bersih, nyaman, ramah"
Ryan Thompson,Museum Kereta Ambarawa,5,"Bersih, nyaman, ramah"
Erica Barton,Museum Kereta Ambarawa,5,"Bersih, nyaman, ramah"
James Hull,Museum Kereta Ambarawa,5,"Bersih, nyaman, ramah"
Caleb Turner,Museum Kereta Ambarawa,5,"Bersih, nyaman, ramah"
Kimberly Steele,Museum Kereta Ambarawa,5,"Bersih, nyaman, ramah"
Dr. Paul Vincent,Museum Kereta Ambarawa,5,"Bersih, nyaman, ramah"
Angela Smith,Museum Kereta Ambarawa,5,"Bersih, nyaman, ramah"
Jon Miller,Museum Kereta Ambarawa,3,"Saya mendatangi destinasi yang katanya gratis parkir, tetapi ternyata ada parkir liar yang meminta uang sebesar 10 ribu."
Marilyn Mcpherson,Museum Kereta Ambarawa,3,"Saya mendatangi destinasi yang katanya gratis parkir, tetapi ternyata ada parkir liar yang meminta uang sebesar 10 ribu."
David Gonzalez,Museum Kereta Ambarawa,3,"Saya mendatangi destinasi yang katanya gratis parkir, tetapi ternyata ada parkir liar yang meminta uang sebesar 10 ribu."
Kim Carpenter,Museum Kereta Ambarawa,3,"Saya mendatangi destinasi yang katanya gratis parkir, tetapi ternyata ada parkir liar yang meminta uang sebesar 10 ribu."
Chloe Sutton,Museum Kereta Ambarawa,3,"Saya mendatangi destinasi yang katanya gratis parkir, tetapi ternyata ada parkir liar yang meminta uang sebesar 10 ribu."
Joseph Martin,Museum Kereta Ambarawa,3,"Saya mendatangi destinasi yang katanya gratis parkir, tetapi ternyata ada parkir liar yang meminta uang sebesar 10 ribu."
Trevor Smith,Museum Kereta Ambarawa,3,"Saya mendatangi destinasi yang katanya gratis parkir, tetapi ternyata ada parkir liar yang meminta uang sebesar 10 ribu."
Jennifer Douglas,Museum Kereta Ambarawa,3,"Saya mendatangi destinasi yang katanya gratis parkir, tetapi ternyata ada parkir liar yang meminta uang sebesar 10 ribu."
Alicia Hobbs,Museum Kereta Ambarawa,3,"Saya mendatangi destinasi yang katanya gratis parkir, tetapi ternyata ada parkir liar yang meminta uang sebesar 10 ribu."
Justin Patrick,Museum Kereta Ambarawa,3,"Saya mendatangi destinasi yang katanya gratis parkir, tetapi ternyata ada parkir liar yang meminta uang sebesar 10 ribu."
Jerry Odom,Museum Kereta Ambarawa,3,"Saya mendatangi destinasi yang katanya gratis parkir, tetapi ternyata ada parkir liar yang meminta uang sebesar 10 ribu."
Jeffrey Knox,Museum Kereta Ambarawa,3,"Saya mendatangi destinasi yang katanya gratis parkir, tetapi ternyata ada parkir liar yang meminta uang sebesar 10 ribu."
Melissa Valdez,Museum Kereta Ambarawa,3,"Saya mendatangi destinasi yang katanya gratis parkir, tetapi ternyata ada parkir liar yang meminta uang sebesar 10 ribu."
Jeremy Ramos,Museum Kereta Ambarawa,2,Saya terpaksa membayar uang parkir kepada petugas parkir liar tersebut karena saya tidak ingin kendaraan saya dirusak
Jennifer Hodge,Museum Kereta Ambarawa,2,Saya terpaksa membayar uang parkir kepada petugas parkir liar tersebut karena saya tidak ingin kendaraan saya dirusak
Cathy Hopkins,Museum Kereta Ambarawa,2,Saya terpaksa membayar uang parkir kepada petugas parkir liar tersebut karena saya tidak ingin kendaraan saya dirusak
Molly Curtis,Museum Kereta Ambarawa,2,Saya terpaksa membayar uang parkir kepada petugas parkir liar tersebut karena saya tidak ingin kendaraan saya dirusak
Caroline Bush,Museum Kereta Ambarawa,2,Saya terpaksa membayar uang parkir kepada petugas parkir liar tersebut karena saya tidak ingin kendaraan saya dirusak
Joshua Wilkinson,Museum Kereta Ambarawa,2,Saya terpaksa membayar uang parkir kepada petugas parkir liar tersebut karena saya tidak ingin kendaraan saya dirusak
Ashley Crawford,Museum Kereta Ambarawa,2,Saya terpaksa membayar uang parkir kepada petugas parkir liar tersebut karena saya tidak ingin kendaraan saya dirusak
Michael Gonzalez,Museum Kereta Ambarawa,2,Saya terpaksa membayar uang parkir kepada petugas parkir liar tersebut karena saya tidak ingin kendaraan saya dirusak
Jacob Schaefer,Museum Kereta Ambarawa,2,Saya terpaksa membayar uang parkir kepada petugas parkir liar tersebut karena saya tidak ingin kendaraan saya dirusak
Michael Gardner,Museum Kereta Ambarawa,2,Saya terpaksa membayar uang parkir kepada petugas parkir liar tersebut karena saya tidak ingin kendaraan saya dirusak
Joseph Campos,Museum Kereta Ambarawa,2,Saya terpaksa membayar uang parkir kepada petugas parkir liar tersebut karena saya tidak ingin kendaraan saya dirusak
Devin Smith,Museum Kereta Ambarawa,2,Saya terpaksa membayar uang parkir kepada petugas parkir liar tersebut karena saya tidak ingin kendaraan saya dirusak
Anthony Clark,Museum Kereta Ambarawa,2,Saya terpaksa membayar uang parkir kepada petugas parkir liar tersebut karena saya tidak ingin kendaraan saya dirusak
Bethany Wright,Museum Kereta Ambarawa,2,Saya terpaksa membayar uang parkir kepada petugas parkir liar tersebut karena saya tidak ingin kendaraan saya dirusak
William Williams,Museum Kereta Ambarawa,2,Saya terpaksa membayar uang parkir kepada petugas parkir liar tersebut karena saya tidak ingin kendaraan saya dirusak
Rachel Gibbs,Museum Kereta Ambarawa,2,Saya terpaksa membayar uang parkir kepada petugas parkir liar tersebut karena saya tidak ingin kendaraan saya dirusak
Laura Bailey,Museum Kereta Ambarawa,1,Saya sedang berkendara di tempat wisata pada hari minggu kemrin pukul 10.00 WIB ketika tiba-tiba dihampiri oleh seorang laki-laki memalak saya dia meminta barang dan uang saya
Anthony Rogers,Museum Kereta Ambarawa,1,Saya sedang berkendara di tempat wisata pada hari minggu kemrin pukul 10.00 WIB ketika tiba-tiba dihampiri oleh seorang laki-laki memalak saya dia meminta barang dan uang saya
Bruce Novak,Museum Kereta Ambarawa,1,Saya sedang berkendara di tempat wisata pada hari minggu kemrin pukul 10.00 WIB ketika tiba-tiba dihampiri oleh seorang laki-laki memalak saya dia meminta barang dan uang saya
Pam Harris,Museum Kereta Ambarawa,1,Saya sedang berkendara di tempat wisata pada hari minggu kemrin pukul 10.00 WIB ketika tiba-tiba dihampiri oleh seorang laki-laki memalak saya dia meminta barang dan uang saya
Toni Gillespie,Museum Kereta Ambarawa,1,Saya sedang berkendara di tempat wisata pada hari minggu kemrin pukul 10.00 WIB ketika tiba-tiba dihampiri oleh seorang laki-laki memalak saya dia meminta barang dan uang saya
Diana Rich,Museum Kereta Ambarawa,1,Saya sedang berkendara di tempat wisata pada hari minggu kemrin pukul 10.00 WIB ketika tiba-tiba dihampiri oleh seorang laki-laki memalak saya dia meminta barang dan uang saya
Scott Brady,Museum Kereta Ambarawa,1,Saya sedang berkendara di tempat wisata pada hari minggu kemrin pukul 10.00 WIB ketika tiba-tiba dihampiri oleh seorang laki-laki memalak saya dia meminta barang dan uang saya
Barbara Baker,Museum Kereta Ambarawa,1,Saya sedang berkendara di tempat wisata pada hari minggu kemrin pukul 10.00 WIB ketika tiba-tiba dihampiri oleh seorang laki-laki memalak saya dia meminta barang dan uang saya
Gregory Barnett,Museum Kereta Ambarawa,1,Saya sedang berkendara di tempat wisata pada hari minggu kemrin pukul 10.00 WIB ketika tiba-tiba dihampiri oleh seorang laki-laki memalak saya dia meminta barang dan uang saya
Steven Mitchell,Museum Kereta Ambarawa,1,Saya sedang berkendara di tempat wisata pada hari minggu kemrin pukul 10.00 WIB ketika tiba-tiba dihampiri oleh seorang laki-laki memalak saya dia meminta barang dan uang saya
Donna Miller,Museum Kereta Ambarawa,1,Saya sedang berkendara di tempat wisata pada hari minggu kemrin pukul 10.00 WIB ketika tiba-tiba dihampiri oleh seorang laki-laki memalak saya dia meminta barang dan uang saya
Richard Hardy,Museum Kereta Ambarawa,1,Saya sedang berkendara di tempat wisata pada hari minggu kemrin pukul 10.00 WIB ketika tiba-tiba dihampiri oleh seorang laki-laki memalak saya dia meminta barang dan uang saya
Stacy Golden,Museum Kereta Ambarawa,1,Saya sedang berkendara di tempat wisata pada hari minggu kemrin pukul 10.00 WIB ketika tiba-tiba dihampiri oleh seorang laki-laki memalak saya dia meminta barang dan uang saya
Mark Daniels,Museum Kereta Ambarawa,1,Saya sedang berkendara di tempat wisata pada hari minggu kemrin pukul 10.00 WIB ketika tiba-tiba dihampiri oleh seorang laki-laki memalak saya dia meminta barang dan uang saya
Dylan Willis,Museum Kereta Ambarawa,1,Saya sedang berkendara di tempat wisata pada hari minggu kemrin pukul 10.00 WIB ketika tiba-tiba dihampiri oleh seorang laki-laki memalak saya dia meminta barang dan uang saya
Jason Townsend,Museum Kereta Ambarawa,1,Saya sedang berkendara di tempat wisata pada hari minggu kemrin pukul 10.00 WIB ketika tiba-tiba dihampiri oleh seorang laki-laki memalak saya dia meminta barang dan uang saya
Holly Lee,Museum Kereta Ambarawa,1,Saya sedang berkendara di tempat wisata pada hari minggu kemrin pukul 10.00 WIB ketika tiba-tiba dihampiri oleh seorang laki-laki memalak saya dia meminta barang dan uang saya
Amanda Hernandez,Museum Kereta Ambarawa,1,Saya sedang berkendara di tempat wisata pada hari minggu kemrin pukul 10.00 WIB ketika tiba-tiba dihampiri oleh seorang laki-laki memalak saya dia meminta barang dan uang saya
Amanda Fuller,Museum Kereta Ambarawa,1,Saya sedang berkendara di tempat wisata pada hari minggu kemrin pukul 10.00 WIB ketika tiba-tiba dihampiri oleh seorang laki-laki memalak saya dia meminta barang dan uang saya
Marcus Davis,Museum Kereta Ambarawa,1,Saya sedang berkendara di tempat wisata pada hari minggu kemrin pukul 10.00 WIB ketika tiba-tiba dihampiri oleh seorang laki-laki memalak saya dia meminta barang dan uang saya
Stephanie Palmer,Museum Kereta Ambarawa,1,Saya sedang berkendara di tempat wisata pada hari minggu kemrin pukul 10.00 WIB ketika tiba-tiba dihampiri oleh seorang laki-laki memalak saya dia meminta barang dan uang saya
Maria George,Museum Kereta Ambarawa,1,Saya sedang berkendara di tempat wisata pada hari minggu kemrin pukul 10.00 WIB ketika tiba-tiba dihampiri oleh seorang laki-laki memalak saya dia meminta barang dan uang saya
Maurice Clark,Museum Kereta Ambarawa,1,Saya sedang berkendara di tempat wisata pada hari minggu kemrin pukul 10.00 WIB ketika tiba-tiba dihampiri oleh seorang laki-laki memalak saya dia meminta barang dan uang saya
Cindy Davidson MD,Museum Kereta Ambarawa,1,Saya sedang berkendara di tempat wisata pada hari minggu kemrin pukul 10.00 WIB ketika tiba-tiba dihampiri oleh seorang laki-laki memalak saya dia meminta barang dan uang saya
Susan Robbins,Museum Kereta Ambarawa,1,Saya sedang berkendara di tempat wisata pada hari minggu kemrin pukul 10.00 WIB ketika tiba-tiba dihampiri oleh seorang laki-laki memalak saya dia meminta barang dan uang saya
Heidi Rubio,Museum Kereta Ambarawa,1,Saya sedang berkendara di tempat wisata pada hari minggu kemrin pukul 10.00 WIB ketika tiba-tiba dihampiri oleh seorang laki-laki memalak saya dia meminta barang dan uang saya
Brianna Lowery,Museum Kereta Ambarawa,1,Saya sedang berkendara di tempat wisata pada hari minggu kemrin pukul 10.00 WIB ketika tiba-tiba dihampiri oleh seorang laki-laki memalak saya dia meminta barang dan uang saya
Dominique Jimenez,Museum Kereta Ambarawa,2,"Pada hari Selasa kemarin, saya dipaksa menyerahkan jam tangan saya oleh seorang laki-laki yang memalak saya "
Benjamin Jones,Museum Kereta Ambarawa,2,"Pada hari Selasa kemarin, saya dipaksa menyerahkan jam tangan saya oleh seorang laki-laki yang memalak saya "
Julie Wallace,Museum Kereta Ambarawa,2,"Pada hari Selasa kemarin, saya dipaksa menyerahkan jam tangan saya oleh seorang laki-laki yang memalak saya "
Anthony Gonzalez,Museum Kereta Ambarawa,2,"Pada hari Selasa kemarin, saya dipaksa menyerahkan jam tangan saya oleh seorang laki-laki yang memalak saya "
Cody Porter,Museum Kereta Ambarawa,2,"Pada hari Selasa kemarin, saya dipaksa menyerahkan jam tangan saya oleh seorang laki-laki yang memalak saya "
Travis Thompson,Museum Kereta Ambarawa,2,"Pada hari Selasa kemarin, saya dipaksa menyerahkan jam tangan saya oleh seorang laki-laki yang memalak saya "
Ann Anderson,Museum Kereta Ambarawa,2,"Pada hari Selasa kemarin, saya dipaksa menyerahkan jam tangan saya oleh seorang laki-laki yang memalak saya "
Sherri Garcia,Museum Kereta Ambarawa,2,"Pada hari Selasa kemarin, saya dipaksa menyerahkan jam tangan saya oleh seorang laki-laki yang memalak saya "
Tammy Brown,Museum Kereta Ambarawa,2,"Pada hari Selasa kemarin, saya dipaksa menyerahkan jam tangan saya oleh seorang laki-laki yang memalak saya "
Jennifer Rodriguez DVM,Museum Kereta Ambarawa,2,"Pada hari Selasa kemarin, saya dipaksa menyerahkan jam tangan saya oleh seorang laki-laki yang memalak saya "
Cheryl Obrien,Museum Kereta Ambarawa,2,"Pada hari Selasa kemarin, saya dipaksa menyerahkan jam tangan saya oleh seorang laki-laki yang memalak saya "
Jack Griffin,Museum Kereta Ambarawa,2,"Pada hari Selasa kemarin, saya dipaksa menyerahkan jam tangan saya oleh seorang laki-laki yang memalak saya "
John Lucero,Museum Kereta Ambarawa,2,"Pada hari Selasa kemarin, saya dipaksa menyerahkan jam tangan saya oleh seorang laki-laki yang memalak saya "
Gary Anderson,Museum Kereta Ambarawa,2,"Pada hari Selasa kemarin, saya dipaksa menyerahkan jam tangan saya oleh seorang laki-laki yang memalak saya "
Steven Nichols,Museum Kereta Ambarawa,2,"Pada hari Selasa kemarin, saya dipaksa menyerahkan jam tangan saya oleh seorang laki-laki yang memalak saya "
Robert Ortega,Museum Kereta Ambarawa,1,"Saya sedang berlibur di tempat wisata, ketika petugas meminta uang tambahan sebesar Rp100.000 kepada saya, padahal saya sudah membayar tiket masuk sebesar Rp50.000."
Victoria Anderson,Museum Kereta Ambarawa,1,"Saya sedang berlibur di tempat wisata, ketika petugas meminta uang tambahan sebesar Rp100.000 kepada saya, padahal saya sudah membayar tiket masuk sebesar Rp50.000."
Spencer Reyes,Museum Kereta Ambarawa,1,"Saya sedang berlibur di tempat wisata, ketika petugas meminta uang tambahan sebesar Rp100.000 kepada saya, padahal saya sudah membayar tiket masuk sebesar Rp50.000."
Christopher Holt,Museum Kereta Ambarawa,1,"Saya sedang berlibur di tempat wisata, ketika petugas meminta uang tambahan sebesar Rp100.000 kepada saya, padahal saya sudah membayar tiket masuk sebesar Rp50.000."
Victoria Clark,Museum Kereta Ambarawa,1,"Saya sedang berlibur di tempat wisata, ketika petugas meminta uang tambahan sebesar Rp100.000 kepada saya, padahal saya sudah membayar tiket masuk sebesar Rp50.000."
Michelle Hanson,Museum Kereta Ambarawa,1,"Saya sedang berlibur di tempat wisata, ketika petugas meminta uang tambahan sebesar Rp100.000 kepada saya, padahal saya sudah membayar tiket masuk sebesar Rp50.000."
Douglas Gibson,Museum Kereta Ambarawa,1,"Saya sedang berlibur di tempat wisata, ketika petugas meminta uang tambahan sebesar Rp100.000 kepada saya, padahal saya sudah membayar tiket masuk sebesar Rp50.000."
Margaret Becker,Museum Kereta Ambarawa,1,"Saya sedang berlibur di tempat wisata, ketika petugas meminta uang tambahan sebesar Rp100.000 kepada saya, padahal saya sudah membayar tiket masuk sebesar Rp50.000."
David Fitzpatrick,Museum Kereta Ambarawa,1,"Saya sedang berlibur di tempat wisata, ketika petugas meminta uang tambahan sebesar Rp100.000 kepada saya, padahal saya sudah membayar tiket masuk sebesar Rp50.000."
Leah Farmer,Museum Kereta Ambarawa,1,"Saya sedang berlibur di tempat wisata, ketika petugas meminta uang tambahan sebesar Rp100.000 kepada saya, padahal saya sudah membayar tiket masuk sebesar Rp50.000."
Terry Smith,Museum Kereta Ambarawa,1,"Saya sedang berlibur di tempat wisata, ketika petugas meminta uang tambahan sebesar Rp100.000 kepada saya, padahal saya sudah membayar tiket masuk sebesar Rp50.000."
Stephanie Baker,Museum Kereta Ambarawa,1,"Saya sedang berlibur di tempat wisata, ketika petugas meminta uang tambahan sebesar Rp100.000 kepada saya, padahal saya sudah membayar tiket masuk sebesar Rp50.000."
Susan Brown,Museum Kereta Ambarawa,1,"Saya sedang berlibur di tempat wisata, ketika petugas meminta uang tambahan sebesar Rp100.000 kepada saya, padahal saya sudah membayar tiket masuk sebesar Rp50.000."
David Myers,Museum Kereta Ambarawa,1,"Saya sedang berlibur di tempat wisata, ketika petugas meminta uang tambahan sebesar Rp100.000 kepada saya, padahal saya sudah membayar tiket masuk sebesar Rp50.000."
Alexis Bowers,Museum Kereta Ambarawa,1,"Saya sedang berlibur di tempat wisata, ketika petugas meminta uang tambahan sebesar Rp100.000 kepada saya, padahal saya sudah membayar tiket masuk sebesar Rp50.000."
Bryan Ware,Museum Kereta Ambarawa,2,"Petugas di tempat wisata tiba-tiba meminta uang tambahan kepada saya, padahal saya sudah membayar tiket masuk."
Dr. James Scott,Museum Kereta Ambarawa,2,"Petugas di tempat wisata tiba-tiba meminta uang tambahan kepada saya, padahal saya sudah membayar tiket masuk."
Patrick Anderson,Museum Kereta Ambarawa,2,"Petugas di tempat wisata tiba-tiba meminta uang tambahan kepada saya, padahal saya sudah membayar tiket masuk."
Luke Hale,Museum Kereta Ambarawa,2,"Petugas di tempat wisata tiba-tiba meminta uang tambahan kepada saya, padahal saya sudah membayar tiket masuk."
Jennifer Sanchez,Museum Kereta Ambarawa,2,"Petugas di tempat wisata tiba-tiba meminta uang tambahan kepada saya, padahal saya sudah membayar tiket masuk."
Christian Fletcher,Museum Kereta Ambarawa,2,"Petugas di tempat wisata tiba-tiba meminta uang tambahan kepada saya, padahal saya sudah membayar tiket masuk."
Joshua Moore,Museum Kereta Ambarawa,2,"Petugas di tempat wisata tiba-tiba meminta uang tambahan kepada saya, padahal saya sudah membayar tiket masuk."
Cory Patterson,Museum Kereta Ambarawa,2,"Petugas di tempat wisata tiba-tiba meminta uang tambahan kepada saya, padahal saya sudah membayar tiket masuk."
Paul James,Museum Kereta Ambarawa,2,"Petugas di tempat wisata tiba-tiba meminta uang tambahan kepada saya, padahal saya sudah membayar tiket masuk."
Thomas Powell,Museum Kereta Ambarawa,2,"Petugas di tempat wisata tiba-tiba meminta uang tambahan kepada saya, padahal saya sudah membayar tiket masuk."
Carl Martin,Museum Kereta Ambarawa,2,"Petugas di tempat wisata tiba-tiba meminta uang tambahan kepada saya, padahal saya sudah membayar tiket masuk."
Jenna Mclaughlin,Museum Kereta Ambarawa,2,"Petugas di tempat wisata tiba-tiba meminta uang tambahan kepada saya, padahal saya sudah membayar tiket masuk."
Vicki Ruiz,Museum Kereta Ambarawa,2,"Petugas di tempat wisata tiba-tiba meminta uang tambahan kepada saya, padahal saya sudah membayar tiket masuk."
Robert Stevens,Museum Kereta Ambarawa,2,"Petugas di tempat wisata tiba-tiba meminta uang tambahan kepada saya, padahal saya sudah membayar tiket masuk."
Rachel Morris,Museum Kereta Ambarawa,2,"Petugas di tempat wisata tiba-tiba meminta uang tambahan kepada saya, padahal saya sudah membayar tiket masuk."
Jon Holmes,Museum Kereta Ambarawa,2,"Petugas di tempat wisata tiba-tiba meminta uang tambahan kepada saya, padahal saya sudah membayar tiket masuk."
Denise Payne,Museum Kereta Ambarawa,2,"Petugas di tempat wisata tiba-tiba meminta uang tambahan kepada saya, padahal saya sudah membayar tiket masuk."
Sabrina Quinn,Museum Kereta Ambarawa,2,"Petugas di tempat wisata tiba-tiba meminta uang tambahan kepada saya, padahal saya sudah membayar tiket masuk."
Michelle Owens,Museum Kereta Ambarawa,2,"Petugas di tempat wisata tiba-tiba meminta uang tambahan kepada saya, padahal saya sudah membayar tiket masuk."
Roy Allen,Museum Kereta Ambarawa,2,"Petugas di tempat wisata tiba-tiba meminta uang tambahan kepada saya, padahal saya sudah membayar tiket masuk."
Karen Best,Museum Kereta Ambarawa,2,"Petugas di tempat wisata tiba-tiba meminta uang tambahan kepada saya, padahal saya sudah membayar tiket masuk."
Randall Allen,Museum Kereta Ambarawa,1,di tempat wisata ada orang yang melakukan parkir liar dan mengacam jika tidak membayar
Brandon Wright,Museum Kereta Ambarawa,1,di tempat wisata ada orang yang melakukan parkir liar dan mengacam jika tidak membayar
Christine Ramos,Museum Kereta Ambarawa,1,di tempat wisata ada orang yang melakukan parkir liar dan mengacam jika tidak membayar
Emily Francis,Museum Kereta Ambarawa,1,di tempat wisata ada orang yang melakukan parkir liar dan mengacam jika tidak membayar
Anna Cruz,Museum Kereta Ambarawa,1,di tempat wisata ada orang yang melakukan parkir liar dan mengacam jika tidak membayar
Tiffany Phillips,Museum Kereta Ambarawa,1,di tempat wisata ada orang yang melakukan parkir liar dan mengacam jika tidak membayar
Kathleen Maynard,Museum Kereta Ambarawa,2,ada orang yang memalak
Garrett Braun,Museum Kereta Ambarawa,2,ada orang yang memalak
Dana Pratt,Museum Kereta Ambarawa,2,ada orang yang memalak
Robert Carpenter,Museum Kereta Ambarawa,2,ada orang yang memalak
Julia Russo,Museum Kereta Ambarawa,2,ada orang yang memalak
James Morris,Museum Kereta Ambarawa,2,ada orang yang memalak
Michelle Thompson,Museum Kereta Ambarawa,2,ada orang yang memalak
Brianna Khan,Museum Kereta Ambarawa,2,ada orang yang memalak
Jordan Burns,Museum Kereta Ambarawa,2,ada orang yang memalak
Kelly Reed,Museum Kereta Ambarawa,2,ada orang yang memalak
Donna Wright,Museum Kereta Ambarawa,2,ada orang yang memalak
Tammy Smith,Museum Kereta Ambarawa,2,ada orang yang memalak
Troy Wallace,Museum Kereta Ambarawa,1,ada orang yang meminta uang tambahan
Anthony Wright,Museum Kereta Ambarawa,1,ada orang yang meminta uang tambahan
Dustin Cruz,Museum Kereta Ambarawa,1,ada orang yang meminta uang tambahan
Julia Montgomery,Museum Kereta Ambarawa,1,ada orang yang meminta uang tambahan
Megan Munoz,Museum Kereta Ambarawa,1,ada orang yang meminta uang tambahan
Mark Rodriguez,Museum Kereta Ambarawa,1,ada orang yang meminta uang tambahan
Ashley Hays,Museum Kereta Ambarawa,1,ada orang yang meminta uang tambahan
Timothy Morgan,Museum Kereta Ambarawa,1,ada orang yang meminta uang tambahan
Lindsay Harrison,Museum Kereta Ambarawa,1,ada orang yang meminta uang tambahan
Michael Carr,Museum Kereta Ambarawa,1,ada orang yang meminta uang tambahan
Elizabeth Kelley,Museum Kereta Ambarawa,1,ada orang yang meminta uang tambahan
Anthony Campbell,Museum Kereta Ambarawa,1,ada orang yang meminta uang tambahan
Lisa Sawyer,Museum Kereta Ambarawa,1,ada orang yang meminta uang tambahan
James Salinas,Museum Kereta Ambarawa,1,ada orang yang meminta uang tambahan
Robert Costa,Museum Kereta Ambarawa,1,ada orang yang meminta uang tambahan
Shannon Kaufman,Museum Kereta Ambarawa,1,ada orang yang meminta uang tambahan
Justin Harris,Museum Kereta Ambarawa,2,pihak penjaga tike Meminta uang Tambahan tidak sesuai tarif
Christopher Jones,Museum Kereta Ambarawa,2,pihak penjaga tike Meminta uang Tambahan tidak sesuai tarif
Philip Davies,Museum Kereta Ambarawa,2,pihak penjaga tike Meminta uang Tambahan tidak sesuai tarif
Robert Velez,Museum Kereta Ambarawa,2,pihak penjaga tike Meminta uang Tambahan tidak sesuai tarif
Jackie Jenkins,Museum Kereta Ambarawa,2,pihak penjaga tike Meminta uang Tambahan tidak sesuai tarif
Jack Hernandez,Museum Kereta Ambarawa,2,pihak penjaga tike Meminta uang Tambahan tidak sesuai tarif
Cameron Shaw,Museum Kereta Ambarawa,2,pihak penjaga tike Meminta uang Tambahan tidak sesuai tarif
Robert Adams DDS,Museum Kereta Ambarawa,2,pihak penjaga tike Meminta uang Tambahan tidak sesuai tarif
John Ross,Museum Kereta Ambarawa,2,pihak penjaga tike Meminta uang Tambahan tidak sesuai tarif
Suzanne Wilson,Museum Kereta Ambarawa,2,pihak penjaga tike Meminta uang Tambahan tidak sesuai tarif
Alicia Thompson,Museum Kereta Ambarawa,2,pihak penjaga tike Meminta uang Tambahan tidak sesuai tarif
Cynthia Ford,Museum Kereta Ambarawa,2,pihak penjaga tike Meminta uang Tambahan tidak sesuai tarif
Logan Dougherty,Museum Kereta Ambarawa,2,pihak penjaga tike Meminta uang Tambahan tidak sesuai tarif
Jason French,Museum Kereta Ambarawa,3,parkir liar meresahkan
Katherine Clark,Museum Kereta Ambarawa,3,parkir liar meresahkan
Alexis Collins,Museum Kereta Ambarawa,3,parkir liar meresahkan
Mary Sanchez,Museum Kereta Ambarawa,3,parkir liar meresahkan
Gregory White,Museum Kereta Ambarawa,3,parkir liar meresahkan
Michael Gilbert,Museum Kereta Ambarawa,3,parkir liar meresahkan
Aaron Mccormick,Museum Kereta Ambarawa,3,parkir liar meresahkan
Bonnie Johnson,Museum Kereta Ambarawa,3,parkir liar meresahkan
Edward Gordon,Museum Kereta Ambarawa,2,ada orang yang memalak saya
Marcus Curry,Museum Kereta Ambarawa,2,ada orang yang memalak saya
Robert Stewart,Museum Kereta Ambarawa,2,ada orang yang memalak saya
Miss Jamie Thompson,Museum Kereta Ambarawa,2,ada orang yang memalak saya
Mark Snyder,Museum Kereta Ambarawa,2,ada orang yang memalak saya
Kenneth Davis,Museum Kereta Ambarawa,2,ada orang yang memalak saya
Alyssa Davis,Museum Kereta Ambarawa,2,ada orang yang memalak saya
Crystal Massey,Museum Kereta Ambarawa,2,ada orang yang memalak saya
Jose Hunt,Museum Kereta Ambarawa,2,ada orang yang memalak saya
David Martin,Museum Kereta Ambarawa,2,ada orang yang memalak saya
William Avery,Museum Kereta Ambarawa,1,saya dimintai uang tempat padahal saya sudah membayar saya tidak terima ini termasuk pungli
Brenda Vega,Museum Kereta Ambarawa,1,saya dimintai uang tempat padahal saya sudah membayar saya tidak terima ini termasuk pungli
Robert Webb,Museum Kereta Ambarawa,1,saya dimintai uang tempat padahal saya sudah membayar saya tidak terima ini termasuk pungli
Stephen Porter,Museum Kereta Ambarawa,2,staf meminta uang tambahan yang tidak masuk akal
William Carson,Museum Kereta Ambarawa,2,staf meminta uang tambahan yang tidak masuk akal
Bonnie Martinez,Museum Kereta Ambarawa,2,staf meminta uang tambahan yang tidak masuk akal
Joseph Bryant,Museum Kereta Ambarawa,2,staf meminta uang tambahan yang tidak masuk akal
James Williams,Museum Kereta Ambarawa,1,saya dimintai uang tempat padahal saya sudah membayar saya tidak terima ini termasuk pungutan liar
Cynthia Estrada,Museum Kereta Ambarawa,2,ada orang yang memalak saya sebesar 50.005
Amanda Vega,Museum Kereta Ambarawa,2,ada orang yang memalak saya sebesar 50.007
Brandi Novak,Museum Kereta Ambarawa,2,ada orang yang memalak saya sebesar 50.010
Andrew Farmer,Museum Kereta Ambarawa,2,ada orang yang memalak saya sebesar 50.014
Brandy Adkins,Museum Kereta Ambarawa,2,ada orang yang memalak saya sebesar 50.016
Christian Suarez,Museum Kereta Ambarawa,1,staf meminta uang tambahan yang tidak masuk akal
Yvonne Hall,Museum Kereta Ambarawa,1,staf meminta uang tambahan yang tidak masuk akal
John Warner,Museum Kereta Ambarawa,3,"Saya mendatangi destinasi yang katanya gratis parkir, tetapi ternyata ada parkir liar yang meminta uang sebesar 10 ribu."
Matthew Ayala,Museum Kereta Ambarawa,3,"Saya mendatangi destinasi yang katanya gratis parkir, tetapi ternyata ada parkir liar yang meminta uang sebesar 10 ribu."
Jessica Barry,Museum Kereta Ambarawa,3,"Saya mendatangi destinasi yang katanya gratis parkir, tetapi ternyata ada parkir liar yang meminta uang sebesar 10 ribu."
Sarah Reyes,Museum Kereta Ambarawa,3,"Saya mendatangi destinasi yang katanya gratis parkir, tetapi ternyata ada parkir liar yang meminta uang sebesar 10 ribu."
Barbara Garza DDS,Museum Kereta Ambarawa,3,"Saya mendatangi destinasi yang katanya gratis parkir, tetapi ternyata ada parkir liar yang meminta uang sebesar 10 ribu."
Rebecca Phillips,Museum Kereta Ambarawa,3,"Saya mendatangi destinasi yang katanya gratis parkir, tetapi ternyata ada parkir liar yang meminta uang sebesar 10 ribu."
Lisa Dixon,Museum Kereta Ambarawa,3,"Saya mendatangi destinasi yang katanya gratis parkir, tetapi ternyata ada parkir liar yang meminta uang sebesar 10 ribu."
Adam Newton,Museum Kereta Ambarawa,3,"Saya mendatangi destinasi yang katanya gratis parkir, tetapi ternyata ada parkir liar yang meminta uang sebesar 10 ribu."
Kathleen Hernandez,Museum Kereta Ambarawa,3,"Saya mendatangi destinasi yang katanya gratis parkir, tetapi ternyata ada parkir liar yang meminta uang sebesar 10 ribu."
Christina Berger,Museum Kereta Ambarawa,3,"Saya mendatangi destinasi yang katanya gratis parkir, tetapi ternyata ada parkir liar yang meminta uang sebesar 10 ribu."
Erik Hall,Museum Kereta Ambarawa,3,"Saya mendatangi destinasi yang katanya gratis parkir, tetapi ternyata ada parkir liar yang meminta uang sebesar 10 ribu."
Amy Richardson,Museum Kereta Ambarawa,1,ada parkir liar
Jonathan Smith,Museum Kereta Ambarawa,5,tempatnya menyenangkan