W S,Museum Mpu Tantular,4,tempatnya nyaman
srinivasan s,Museum Mpu Tantular,1,ada pungutan liar
Sudipta Shaheen,Museum Mpu Tantular,1,ada pungli
Vipin Tiwari,Museum Mpu Tantular,2,pungutan liar
jojo,Museum Mpu Tantular,2,pungutan liar
Chandra J,Museum Mpu Tantular,5,tempatnya bagus
Mohan D,Museum Mpu Tantular,5,Tempatnya bagus
Sajid,Museum Mpu Tantular,4,keren
Konganapally Laasya,Museum Mpu Tantular,2,pungutan liar
Mayank G,Museum Mpu Tantular,1,pungutan liar
queenspr,Museum Mpu Tantular,1,pungli
Ravindra V,Museum Mpu Tantular,2,pungli
Madan R,Museum Mpu Tantular,5,tempatnya bagus
Dr RAJKUMAR YADAV,Museum Mpu Tantular,4,cocok untuk healing
Milind Kshirsagar,Museum Mpu Tantular,2,ada pungli
Nilesh A,Museum Mpu Tantular,1,ada orang yang melakukan pungli
Manoj Kumar,Museum Mpu Tantular,2,ada pungutan liar
Kasi,Museum Mpu Tantular,4,tempatnya nyaman
Greg48,Museum Mpu Tantular,2,ada pungli
Jay-Raghu-2016,Museum Mpu Tantular,5,Tempatnya bagus
Aparajita_03,Museum Mpu Tantular,4,Tempatnya bagus
Alok Kumar,Museum Mpu Tantular,2,pungli
Curious785091,Museum Mpu Tantular,2,ada orang yang melakukan pungli
TheoP0001,Museum Mpu Tantular,5,tempatnya bagus
Lyn V,Museum Mpu Tantular,3,ada orang yang melakukan pungli
Vipin Tiwari,Museum Mpu Tantular,5,cocok untuk healing
jojo,Museum Mpu Tantular,4,keren
vasant agshikar,Museum Mpu Tantular,2,ada pungutan liar
madhavi2022,Museum Mpu Tantular,1,pungli
ullacarinquiterio,Museum Mpu Tantular,1,ada orang yang melakukan pungutan liar
casandeep,Museum Mpu Tantular,4,tempatnya bagus
madhavi2022,Museum Mpu Tantular,2,ada pungli
skychaserCalgary,Museum Mpu Tantular,5,tempatnya nyaman
Raman G,Museum Mpu Tantular,4,Tempatnya bagus
skychaserCalgary,Museum Mpu Tantular,1,ada pungutan liar
Raman G,Museum Mpu Tantular,4,cocok untuk healing
Chandra J,Museum Mpu Tantular,5,Tempatnya bagus
ullacarinquiterio,Museum Mpu Tantular,5,cocok untuk healing
The Route Edit,Museum Mpu Tantular,2,pungli
Nipunika J,Museum Mpu Tantular,5,Tempatnya bagus
NITHIN KUMAR CHINTHAKINDI,Museum Mpu Tantular,5,tempatnya bagus
NITHIN KUMAR CHINTHAKINDI,Museum Mpu Tantular,1,ada orang yang melakukan pungutan liar
Oneil,Museum Mpu Tantular,5,keren
Jobin a jose,Museum Mpu Tantular,5,tempatnya bagus
EASWAR52,Museum Mpu Tantular,4,keren
Ganu,Museum Mpu Tantular,5,tempatnya bagus
fudxplorer,Museum Mpu Tantular,1,ada pungli
Sightsee19120047155,Museum Mpu Tantular,1,pungutan liar
Sightseer33888790670,Museum Mpu Tantular,5,keren
Traveler09576644006,Museum Mpu Tantular,2,pungli
Guide58742276488,Museum Mpu Tantular,2,ada pungutan liar
Lsvprasad,Museum Mpu Tantular,1,ada orang yang melakukan pungli
deepak s,Museum Mpu Tantular,1,ada pungutan liar
Niranjan R,Museum Mpu Tantular,2,ada pungli
Happiness63679548654,Museum Mpu Tantular,2,ada pungli
Harish Dasyam,Museum Mpu Tantular,4,tempatnya nyaman
PavanKalyan,Museum Mpu Tantular,5,Tempatnya bagus
Dream14850484228,Museum Mpu Tantular,1,ada orang yang melakukan pungutan liar
Ravi,Museum Mpu Tantular,1,ada pungli
Prakash,Museum Mpu Tantular,1,ada orang yang melakukan pungli
Balaraju,Museum Mpu Tantular,5,keren
Journey15787731141,Museum Mpu Tantular,1,ada orang yang melakukan pungli
Tavisha,Museum Mpu Tantular,5,cocok untuk healing
Siyaram T,Museum Mpu Tantular,5,keren
Mohd Aryan,Museum Mpu Tantular,1,ada pungutan liar
Journey30887278535,Museum Mpu Tantular,5,tempatnya bagus
Bharath,Museum Mpu Tantular,1,ada pungli
Srinu,Museum Mpu Tantular,2,ada pungli
Stay04043272996,Museum Mpu Tantular,1,ada pungli
TK,Museum Mpu Tantular,5,tempatnya bagus
Companion42843567758,Museum Mpu Tantular,4,tempatnya bagus
GoPlaces39638235890,Museum Mpu Tantular,5,cocok untuk healing
Trail62977326552,Museum Mpu Tantular,1,ada orang yang melakukan pungli
Divya V,Museum Mpu Tantular,2,ada orang yang melakukan pungli
Dr.Saravanan Chandran,Museum Mpu Tantular,5,cocok untuk healing
Raman G,Museum Mpu Tantular,5,cocok untuk healing
Ashish G,Museum Mpu Tantular,1,pungutan liar
Vaishnavi_g,Museum Mpu Tantular,4,tempatnya bagus
Tubby,Museum Mpu Tantular,2,ada orang yang melakukan pungli
AjithBhaskaran,Museum Mpu Tantular,1,pungli
Bhargavi naidu P,Museum Mpu Tantular,5,Tempatnya bagus
Dragon,Museum Mpu Tantular,2,ada orang yang melakukan pungli
Abhishek Sharma,Museum Mpu Tantular,5,tempatnya bagus
Raviraj Rodrigues,Museum Mpu Tantular,5,tempatnya nyaman
Appu M,Museum Mpu Tantular,2,pungutan liar
valivali,Museum Mpu Tantular,2,pungutan liar
muralidhar r,Museum Mpu Tantular,4,keren
Amit Khare,Museum Mpu Tantular,5,cocok untuk healing
SAMRAT84,Museum Mpu Tantular,2,ada orang yang melakukan pungutan liar
Ratan,Museum Mpu Tantular,1,pungli
Alok Kumar,Museum Mpu Tantular,4,cocok untuk healing
Wilayat,Museum Mpu Tantular,5,tempatnya bagus
OPM,Museum Mpu Tantular,5,keren
sanjeevtk02,Museum Mpu Tantular,1,ada orang yang melakukan pungutan liar
rajkumargorle,Museum Mpu Tantular,1,pungutan liar
Global-Bhatakanti,Museum Mpu Tantular,4,keren
ishani b,Museum Mpu Tantular,5,Tempatnya bagus
Sunny Cuty,Museum Mpu Tantular,2,pungutan liar
Polavarapu,Museum Mpu Tantular,5,Tempatnya bagus
Marianne S,Museum Mpu Tantular,5,tempatnya bagus
Sangram42,Museum Mpu Tantular,5,tempatnya bagus
LostMySelfTraveling,Museum Mpu Tantular,5,keren
Arunkumar,Museum Mpu Tantular,2,ada orang yang melakukan pungli
Manoj Kumar,Museum Mpu Tantular,1,ada orang yang melakukan pungli
chandrasekhar g,Museum Mpu Tantular,5,keren
Mittal28,Museum Mpu Tantular,4,tempatnya bagus
Farook Uddin,Museum Mpu Tantular,2,ada orang yang melakukan pungutan liar
OMKAR PAGADALA,Museum Mpu Tantular,1,ada orang yang melakukan pungli
Mittal28,Museum Mpu Tantular,5,cocok untuk healing
Krishna josyula,Museum Mpu Tantular,1,ada orang yang melakukan pungli
Arun Karthik,Museum Mpu Tantular,2,ada orang yang melakukan pungutan liar
Suneela K,Museum Mpu Tantular,1,pungli
Kalilur R,Museum Mpu Tantular,5,keren
Shivkanth Y,Museum Mpu Tantular,2,ada pungli
preethi d,Museum Mpu Tantular,4,Tempatnya bagus
Nagesh Eco Ventures,Museum Mpu Tantular,1,ada orang yang melakukan pungutan liar
Peter V,Museum Mpu Tantular,2,ada pungutan liar
Mukta2016,Museum Mpu Tantular,2,pungutan liar
Dilip kumar,Museum Mpu Tantular,4,keren
Milind Kshirsagar,Museum Mpu Tantular,1,ada orang yang melakukan pungli
Ashish S,Museum Mpu Tantular,2,pungutan liar
Mandar Jetly,Museum Mpu Tantular,1,pungutan liar
Sandeep Bhojani,Museum Mpu Tantular,1,pungutan liar
Sagar D,Museum Mpu Tantular,4,keren
Shridhar93,Museum Mpu Tantular,4,Tempatnya bagus
Trending T,Museum Mpu Tantular,1,pungli
Ashwin J,Museum Mpu Tantular,2,pungutan liar
Global-Bhatakanti,Museum Mpu Tantular,1,ada pungli
panii2015,Museum Mpu Tantular,4,keren
Manohar M,Museum Mpu Tantular,2,ada pungutan liar
Nimmagadda D,Museum Mpu Tantular,2,ada orang yang melakukan pungli
Deepak Warrier,Museum Mpu Tantular,5,Tempatnya bagus
muthukrish2000,Museum Mpu Tantular,4,tempatnya bagus
Manohar M,Museum Mpu Tantular,1,ada orang yang melakukan pungli
deepa v,Museum Mpu Tantular,2,pungli
BhautikVVaidya,Museum Mpu Tantular,4,keren
VYR306,Museum Mpu Tantular,1,pungutan liar
Varun Pursnani,Museum Mpu Tantular,2,ada orang yang melakukan pungutan liar
Rao1940497,Museum Mpu Tantular,5,cocok untuk healing
Memoirs-Sachin,Museum Mpu Tantular,1,pungutan liar
Dipubose,Museum Mpu Tantular,4,keren
Veer2468,Museum Mpu Tantular,2,ada orang yang melakukan pungutan liar
nitin m,Museum Mpu Tantular,5,tempatnya bagus
Dolly,Museum Mpu Tantular,4,keren
Sushant K,Museum Mpu Tantular,1,ada pungutan liar
Sudipta Shaheen,Museum Mpu Tantular,1,ada pungli
dr ganapathi bhat,Museum Mpu Tantular,2,ada orang yang melakukan pungli
Mutukuloju Pranay,Museum Mpu Tantular,2,pungutan liar
Talent P,Museum Mpu Tantular,5,cocok untuk healing
Sardev2014,Museum Mpu Tantular,1,ada pungutan liar
Alok Kumar,Museum Mpu Tantular,2,ada pungutan liar
mahomed swalleh ameer,Museum Mpu Tantular,5,keren
Krishna Sandeep Siram,Museum Mpu Tantular,5,keren
farzana i,Museum Mpu Tantular,4,tempatnya bagus
Tarun,Museum Mpu Tantular,5,Tempatnya bagus
Darshan N,Museum Mpu Tantular,5,Tempatnya bagus
ash0501,Museum Mpu Tantular,4,cocok untuk healing
Jo-Ann,Museum Mpu Tantular,4,keren
007SureshHyd,Museum Mpu Tantular,1,ada pungli
vijusjod,Museum Mpu Tantular,4,tempatnya bagus
Shailendra,Museum Mpu Tantular,5,Tempatnya bagus
Wilayat,Museum Mpu Tantular,3,pungli
Mangala M,Museum Mpu Tantular,1,pungli
Atul S,Museum Mpu Tantular,2,ada orang yang melakukan pungli
jainms,Museum Mpu Tantular,1,ada orang yang melakukan pungutan liar
NIL_MODI,Museum Mpu Tantular,5,tempatnya bagus
Abhilash K,Museum Mpu Tantular,5,tempatnya bagus
Dr I R Patil,Museum Mpu Tantular,4,Tempatnya bagus
Debasis,Museum Mpu Tantular,4,Tempatnya bagus
neeraj2boby,Museum Mpu Tantular,5,cocok untuk healing
vchu99,Museum Mpu Tantular,2,ada orang yang melakukan pungli
AbhayKrSinha,Museum Mpu Tantular,4,tempatnya bagus
Chandana Jain,Museum Mpu Tantular,5,tempatnya nyaman
sadhwani,Museum Mpu Tantular,5,cocok untuk healing
Niya1315,Museum Mpu Tantular,4,cocok untuk healing
Aryan2007,Museum Mpu Tantular,2,ada pungli
Dipesh Joshi,Museum Mpu Tantular,5,tempatnya bagus
Mommywannatravel,Museum Mpu Tantular,5,Tempatnya bagus
Alok B,Museum Mpu Tantular,1,ada pungli
Hamid Al-Timami,Museum Mpu Tantular,5,cocok untuk healing
EASWAR52,Museum Mpu Tantular,4,cocok untuk healing
Saurabh M,Museum Mpu Tantular,1,ada orang yang melakukan pungutan liar
Jayavel D,Museum Mpu Tantular,4,tempatnya bagus
Daniela R,Museum Mpu Tantular,2,pungutan liar
rd07,Museum Mpu Tantular,1,ada pungli
Gurus49,Museum Mpu Tantular,4,keren
Rohit g,Museum Mpu Tantular,2,ada pungutan liar
Mutukuloju Pranay,Museum Mpu Tantular,4,tempatnya nyaman
shweta_srii,Museum Mpu Tantular,1,ada pungli
Umesh R,Museum Mpu Tantular,5,tempatnya nyaman
Him6788,Museum Mpu Tantular,5,tempatnya bagus
JeffCarter,Museum Mpu Tantular,5,cocok untuk healing
CuriousTraveller,Museum Mpu Tantular,1,pungutan liar
vinvara,Museum Mpu Tantular,5,cocok untuk healing
Suresh T,Museum Mpu Tantular,1,pungutan liar
Naik M,Museum Mpu Tantular,1,ada orang yang melakukan pungutan liar
Prakash,Museum Mpu Tantular,5,tempatnya bagus
Mittal28,Museum Mpu Tantular,2,ada orang yang melakukan pungutan liar
Tarun,Museum Mpu Tantular,5,cocok untuk healing
Nikola Nesic,Museum Mpu Tantular,4,keren
OMKAR PAGADALA,Museum Mpu Tantular,4,cocok untuk healing
Vijay Mitta,Museum Mpu Tantular,2,ada pungli
Srisadhana,Museum Mpu Tantular,2,pungutan liar
Sunil,Museum Mpu Tantular,5,cocok untuk healing
Abhishek K,Museum Mpu Tantular,5,keren
Dipak Ranjan S,Museum Mpu Tantular,4,keren
Vamsidhar K,Museum Mpu Tantular,4,tempatnya nyaman
Visurya,Museum Mpu Tantular,1,ada pungli
Santosh K,Museum Mpu Tantular,2,ada pungli
dr.pragnesh Vachharajani,Museum Mpu Tantular,1,ada pungutan liar
DrSaritha,Museum Mpu Tantular,1,ada orang yang melakukan pungli
Surya Katakam,Museum Mpu Tantular,2,pungutan liar
Naren,Museum Mpu Tantular,5,cocok untuk healing
GLOBALSEAS,Museum Mpu Tantular,1,ada orang yang melakukan pungutan liar
rambha b,Museum Mpu Tantular,1,ada pungutan liar
Rajani B,Museum Mpu Tantular,2,pungutan liar
V V S Ganesh N,Museum Mpu Tantular,1,pungutan liar
Rajesh k,Museum Mpu Tantular,2,ada pungutan liar
GANESHNIYER,Museum Mpu Tantular,4,keren
Ravindra V,Museum Mpu Tantular,2,pungutan liar
SAROSH SAM B,Museum Mpu Tantular,2,pungli
Kaushik G,Museum Mpu Tantular,2,ada pungli
prudhvi,Museum Mpu Tantular,5,Tempatnya bagus
Him6788,Museum Mpu Tantular,4,tempatnya bagus
chaithu k,Museum Mpu Tantular,2,pungli
alpsbt27,Museum Mpu Tantular,4,tempatnya nyaman
OMKAR PAGADALA,Museum Mpu Tantular,5,cocok untuk healing
sree143in,Museum Mpu Tantular,5,tempatnya bagus
Muneer,Museum Mpu Tantular,4,keren
jainms,Museum Mpu Tantular,3,ada orang yang melakukan pungutan liar
LostMySelfTraveling,Museum Mpu Tantular,4,tempatnya bagus
Kishore W,Museum Mpu Tantular,4,tempatnya bagus
SRIKAKOLAPU,Museum Mpu Tantular,2,ada pungli
pvrkaushik,Museum Mpu Tantular,5,keren
Mukta2016,Museum Mpu Tantular,2,ada orang yang melakukan pungutan liar
NIL_MODI,Museum Mpu Tantular,5,Tempatnya bagus
pvrkaushik,Museum Mpu Tantular,2,ada pungli
Dr Manoj Swaminathan,Museum Mpu Tantular,5,tempatnya bagus
pvrkaushik,Museum Mpu Tantular,3,ada pungli
NG,Museum Mpu Tantular,2,pungli
Kishore W,Museum Mpu Tantular,4,cocok untuk healing
NIL_MODI,Museum Mpu Tantular,2,pungutan liar
pvrkaushik,Museum Mpu Tantular,2,ada pungutan liar
Kishore W,Museum Mpu Tantular,5,keren
SRIKAKOLAPU,Museum Mpu Tantular,2,pungutan liar
LostMySelfTraveling,Museum Mpu Tantular,5,Tempatnya bagus
pvrkaushik,Museum Mpu Tantular,4,tempatnya bagus
Mukta2016,Museum Mpu Tantular,4,Tempatnya bagus
NG,Museum Mpu Tantular,4,keren
Kishore W,Museum Mpu Tantular,5,tempatnya bagus
Dr Manoj Swaminathan,Museum Mpu Tantular,1,ada orang yang melakukan pungutan liar
Mukta2016,Museum Mpu Tantular,4,tempatnya nyaman
HARISH,Museum Mpu Tantular,2,ada orang yang melakukan pungutan liar
NIL_MODI,Museum Mpu Tantular,5,cocok untuk healing
SRIKAKOLAPU,Museum Mpu Tantular,4,keren
Mukta2016,Museum Mpu Tantular,4,cocok untuk healing
Catherine Giles,Museum Mpu Tantular,2,"seseorang memaksa saya membayar tempat, ini termasuk Pungutan Liar"
Ryan Jones,Museum Mpu Tantular,2,"seseorang memaksa saya membayar tempat, ini termasuk Pungutan Liar"
Greg Daniels,Museum Mpu Tantular,2,"seseorang memaksa saya membayar tempat, ini termasuk Pungutan Liar"
Shelley Chan,Museum Mpu Tantular,2,"seseorang memaksa saya membayar tempat, ini termasuk Pungutan Liar"
Jesse Jones,Museum Mpu Tantular,2,"seseorang memaksa saya membayar tempat, ini termasuk Pungutan Liar"
Brian Owens,Museum Mpu Tantular,5,tempatnya menyenangkan
Christopher Krause,Museum Mpu Tantular,5,tempatnya menyenangkan
Brandon Hunt,Museum Mpu Tantular,5,tempatnya menyenangkan
Nicole Duncan,Museum Mpu Tantular,5,tempatnya menyenangkan
Bradley Bennett,Museum Mpu Tantular,5,tempatnya menyenangkan
Dr. Samuel Valencia,Museum Mpu Tantular,5,tempatnya menyenangkan
Curtis Rose,Museum Mpu Tantular,5,tempatnya menyenangkan
Bobby Shaw,Museum Mpu Tantular,5,tempatnya menyenangkan
Jeffrey Thompson,Museum Mpu Tantular,5,tempatnya menyenangkan
Casey Oneill,Museum Mpu Tantular,5,tempatnya menyenangkan
Jennifer Hubbard,Museum Mpu Tantular,5,tempatnya menyenangkan
Shannon Diaz,Museum Mpu Tantular,5,tempatnya menyenangkan
Meghan Price,Museum Mpu Tantular,5,tempatnya menyenangkan
Kevin Robinson,Museum Mpu Tantular,5,tempatnya menyenangkan
Debra Brown,Museum Mpu Tantular,5,tempatnya menyenangkan
Ricky Leonard,Museum Mpu Tantular,5,tempatnya menyenangkan
Timothy Kennedy PhD,Museum Mpu Tantular,5,tempatnya menyenangkan
Mary Glass,Museum Mpu Tantular,5,tempatnya menyenangkan
Nicholas Barnes,Museum Mpu Tantular,5,tempatnya menyenangkan
Michael Costa,Museum Mpu Tantular,1,seseorang melakukan Pungli
Kevin Smith,Museum Mpu Tantular,1,seseorang melakukan Pungli
Ruth Jimenez,Museum Mpu Tantular,1,seseorang melakukan Pungli
Katrina Hughes,Museum Mpu Tantular,1,seseorang melakukan Pungli
Marc Nichols,Museum Mpu Tantular,1,seseorang melakukan Pungli
David Obrien,Museum Mpu Tantular,1,seseorang melakukan Pungli
Carla Davis,Museum Mpu Tantular,1,seseorang melakukan Pungli
Katie Terry,Museum Mpu Tantular,1,seseorang melakukan Pungli
Mrs. Joyce Smith,Museum Mpu Tantular,1,seseorang melakukan Pungli
Beverly Bishop,Museum Mpu Tantular,1,seseorang melakukan Pungli
Michael Small,Museum Mpu Tantular,1,seseorang melakukan Pungli
Martha Santiago,Museum Mpu Tantular,1,seseorang melakukan Pungli
Danielle Young,Museum Mpu Tantular,1,seseorang melakukan Pungli
Jessica Malone,Museum Mpu Tantular,1,seseorang melakukan Pungli
Ian Robinson,Museum Mpu Tantular,1,seseorang melakukan Pungli
Mary Shelton MD,Museum Mpu Tantular,5,Tempatnya bersih dan rapih
Michelle Best,Museum Mpu Tantular,5,Tempatnya bersih dan rapih
Amanda Gutierrez,Museum Mpu Tantular,5,Tempatnya bersih dan rapih
Sarah Gray,Museum Mpu Tantular,5,Tempatnya bersih dan rapih
Lisa Brooks,Museum Mpu Tantular,5,Tempatnya bersih dan rapih
Deanna Williams,Museum Mpu Tantular,5,Tempatnya bersih dan rapih
Robin Smith,Museum Mpu Tantular,5,Tempatnya bersih dan rapih
Brandon Campbell,Museum Mpu Tantular,5,Tempatnya bersih dan rapih
Patrick Mitchell,Museum Mpu Tantular,5,Tempatnya bersih dan rapih
Kimberly Lyons,Museum Mpu Tantular,5,Tempatnya bersih dan rapih
Bridget Gillespie,Museum Mpu Tantular,5,Tempatnya bersih dan rapih
Deborah Newton,Museum Mpu Tantular,5,Tempatnya bersih dan rapih
Shelby Morris,Museum Mpu Tantular,5,Tempatnya bersih dan rapih
Timothy Anderson,Museum Mpu Tantular,5,Tempatnya bersih dan rapih
Bruce Rosales,Museum Mpu Tantular,5,Tempatnya bersih dan rapih
Billy House,Museum Mpu Tantular,5,Tempatnya bersih dan rapih
Eugene Strong,Museum Mpu Tantular,5,Tempatnya bersih dan rapih
Daniel Friedman,Museum Mpu Tantular,5,Tempatnya bersih dan rapih
David Hall,Museum Mpu Tantular,5,Tempatnya bersih dan rapih
Nicholas Moran,Museum Mpu Tantular,5,Tempatnya bersih dan rapih
Lisa Andrade,Museum Mpu Tantular,5,Tempatnya bersih dan rapih
Daniel Patel,Museum Mpu Tantular,3,PUNGUTAN LIAR
Rhonda Blackburn,Museum Mpu Tantular,3,PUNGUTAN LIAR
James Mason,Museum Mpu Tantular,3,PUNGUTAN LIAR
Denise Brown,Museum Mpu Tantular,3,PUNGUTAN LIAR
Renee Ewing,Museum Mpu Tantular,3,PUNGUTAN LIAR
Philip Martinez,Museum Mpu Tantular,3,PUNGUTAN LIAR
Robin King,Museum Mpu Tantular,3,PUNGUTAN LIAR
Rachel Harper,Museum Mpu Tantular,3,PUNGUTAN LIAR
Deborah Ortiz,Museum Mpu Tantular,3,PUNGUTAN LIAR
Angela Hughes,Museum Mpu Tantular,3,PUNGUTAN LIAR
Austin Schwartz,Museum Mpu Tantular,3,PUNGUTAN LIAR
Benjamin Dorsey,Museum Mpu Tantular,3,PUNGUTAN LIAR
Daniel Lewis,Museum Mpu Tantular,3,PUNGUTAN LIAR
Eric Pruitt,Museum Mpu Tantular,3,PUNGUTAN LIAR
Mr. Thomas Bradley,Museum Mpu Tantular,3,PUNGUTAN LIAR
Brianna Nelson,Museum Mpu Tantular,3,PUNGUTAN LIAR
Lawrence Howe,Museum Mpu Tantular,3,PUNGUTAN LIAR
Danielle Parker,Museum Mpu Tantular,3,PUNGUTAN LIAR
Kevin Haley,Museum Mpu Tantular,3,PUNGUTAN LIAR
Teresa Patel,Museum Mpu Tantular,3,PUNGUTAN LIAR
Ronald Ramirez,Museum Mpu Tantular,5,Pemandangannya bagus
Dwayne Mason,Museum Mpu Tantular,5,Pemandangannya bagus
David Weber,Museum Mpu Tantular,5,Pemandangannya bagus
Richard Thomas,Museum Mpu Tantular,5,Pemandangannya bagus
Stacey Rowe,Museum Mpu Tantular,5,Pemandangannya bagus
Kylie Cook,Museum Mpu Tantular,5,Pemandangannya bagus
Mr. Ronald Johnson Jr.,Museum Mpu Tantular,5,Pemandangannya bagus
Amy Harris,Museum Mpu Tantular,5,Pemandangannya bagus
Mr. Scott Shaw,Museum Mpu Tantular,5,Pemandangannya bagus
Patricia Moore,Museum Mpu Tantular,5,Pemandangannya bagus
Linda Nixon,Museum Mpu Tantular,5,Pemandangannya bagus
Denise Butler,Museum Mpu Tantular,5,Pemandangannya bagus
Stephen Martin,Museum Mpu Tantular,5,Pemandangannya bagus
Susan Chavez,Museum Mpu Tantular,5,Pemandangannya bagus
Theresa Taylor,Museum Mpu Tantular,5,Pemandangannya bagus
Victor Peters,Museum Mpu Tantular,5,Pemandangannya bagus
Caroline Hobbs,Museum Mpu Tantular,5,Pemandangannya bagus
Andrea Larsen,Museum Mpu Tantular,2,PUNGLI
Joseph Bradford,Museum Mpu Tantular,2,PUNGLI
Robert Gonzalez,Museum Mpu Tantular,2,PUNGLI
Mark Barnes,Museum Mpu Tantular,2,PUNGLI
Ronnie Lewis,Museum Mpu Tantular,2,PUNGLI
Marcus Randolph,Museum Mpu Tantular,2,PUNGLI
Jacob Garcia,Museum Mpu Tantular,2,PUNGLI
Aaron Molina,Museum Mpu Tantular,2,PUNGLI
Travis Camacho,Museum Mpu Tantular,2,PUNGLI
Luis Robinson,Museum Mpu Tantular,2,PUNGLI
Brady Moore,Museum Mpu Tantular,2,PUNGLI
David Carney,Museum Mpu Tantular,2,PUNGLI
Jeffrey Smith,Museum Mpu Tantular,2,PUNGLI
Ashley Garrett,Museum Mpu Tantular,2,PUNGLI
Brooke Taylor,Museum Mpu Tantular,4,suasananya sejuk cocok untuk cari angin
Jerry Pierce,Museum Mpu Tantular,4,suasananya sejuk cocok untuk cari angin
Robert Cowan,Museum Mpu Tantular,4,suasananya sejuk cocok untuk cari angin
Kevin Wheeler,Museum Mpu Tantular,4,suasananya sejuk cocok untuk cari angin
Debra Adams,Museum Mpu Tantular,4,suasananya sejuk cocok untuk cari angin
Tina Simon,Museum Mpu Tantular,4,suasananya sejuk cocok untuk cari angin
Scott Perez,Museum Mpu Tantular,4,suasananya sejuk cocok untuk cari angin
Mike Ware,Museum Mpu Tantular,4,suasananya sejuk cocok untuk cari angin
Nathan Miller,Museum Mpu Tantular,4,suasananya sejuk cocok untuk cari angin
Eric Harris,Museum Mpu Tantular,4,suasananya sejuk cocok untuk cari angin
Mr. Shane Meyer Jr.,Museum Mpu Tantular,4,suasananya sejuk cocok untuk cari angin
Yolanda Kennedy,Museum Mpu Tantular,4,suasananya sejuk cocok untuk cari angin
Sabrina Stephens,Museum Mpu Tantular,4,suasananya sejuk cocok untuk cari angin
Tiffany Haynes,Museum Mpu Tantular,4,suasananya sejuk cocok untuk cari angin
Sherri Ho,Museum Mpu Tantular,4,suasananya sejuk cocok untuk cari angin
Katherine Armstrong,Museum Mpu Tantular,4,suasananya sejuk cocok untuk cari angin
Cassandra Barnes,Museum Mpu Tantular,4,suasananya sejuk cocok untuk cari angin
David Kelley,Museum Mpu Tantular,4,suasananya sejuk cocok untuk cari angin
Stephanie Herrera,Museum Mpu Tantular,4,suasananya sejuk cocok untuk cari angin
Jennifer Wade,Museum Mpu Tantular,4,suasananya sejuk cocok untuk cari angin
Sonya Owens,Museum Mpu Tantular,4,suasananya sejuk cocok untuk cari angin
Michael Spencer,Museum Mpu Tantular,1,pUnguTAN LIAR
Evan Fields,Museum Mpu Tantular,1,pUnguTAN LIAR
Joseph Perez,Museum Mpu Tantular,1,pUnguTAN LIAR
Maria Lopez,Museum Mpu Tantular,1,pUnguTAN LIAR
David Morgan,Museum Mpu Tantular,1,pUnguTAN LIAR
Lindsey Jordan,Museum Mpu Tantular,1,pUnguTAN LIAR
Theresa Williams,Museum Mpu Tantular,1,pUnguTAN LIAR
Caroline Alvarez,Museum Mpu Tantular,1,pUnguTAN LIAR
Brian Moore,Museum Mpu Tantular,1,pUnguTAN LIAR
Eric Humphrey,Museum Mpu Tantular,1,pUnguTAN LIAR
Andrew Austin,Museum Mpu Tantular,1,pUnguTAN LIAR
Alexander Johnson,Museum Mpu Tantular,1,pUnguTAN LIAR
Walter Dunn,Museum Mpu Tantular,1,pUnguTAN LIAR
Rebecca Walker,Museum Mpu Tantular,1,pUnguTAN LIAR
Desiree Mendoza,Museum Mpu Tantular,1,pUnguTAN LIAR
Taylor Perkins,Museum Mpu Tantular,1,pUnguTAN LIAR
Mikayla Martin,Museum Mpu Tantular,1,pUnguTAN LIAR
Nicole Velez,Museum Mpu Tantular,1,pUnguTAN LIAR
Jermaine Saunders,Museum Mpu Tantular,1,pUnguTAN LIAR
Misty Robinson,Museum Mpu Tantular,1,pUnguTAN LIAR
Amber Nolan,Museum Mpu Tantular,1,pUnguTAN LIAR
Jason Burns,Museum Mpu Tantular,1,pUnguTAN LIAR
Tracey Franco,Museum Mpu Tantular,1,pUnguTAN LIAR
Virginia King,Museum Mpu Tantular,1,pUnguTAN LIAR
Eric Mendez,Museum Mpu Tantular,1,pUnguTAN LIAR
Marissa Hays,Museum Mpu Tantular,2,pUngLi
Brandon Parker,Museum Mpu Tantular,2,pUngLi
Heather Duncan,Museum Mpu Tantular,2,pUngLi
Stanley Anderson,Museum Mpu Tantular,2,pUngLi
Natasha Huynh,Museum Mpu Tantular,2,pUngLi
Wendy Anderson,Museum Mpu Tantular,2,pUngLi
April Palmer,Museum Mpu Tantular,2,pUngLi
Mark Mckinney,Museum Mpu Tantular,2,pUngLi
Robert Williams DDS,Museum Mpu Tantular,2,pUngLi
Douglas Scott,Museum Mpu Tantular,2,pUngLi
Elizabeth Rangel,Museum Mpu Tantular,2,pUngLi
Kayla Harris,Museum Mpu Tantular,2,pUngLi
Joseph Marsh,Museum Mpu Tantular,2,pUngLi
Crystal Montes,Museum Mpu Tantular,5,"Bersih, nyaman, ramah"
Robin Barrera,Museum Mpu Tantular,5,"Bersih, nyaman, ramah"
Mary Castillo,Museum Mpu Tantular,5,"Bersih, nyaman, ramah"
Lisa Herman,Museum Mpu Tantular,5,"Bersih, nyaman, ramah"
Jamie Hutchinson,Museum Mpu Tantular,5,"Bersih, nyaman, ramah"
Alexandra Murray,Museum Mpu Tantular,5,"Bersih, nyaman, ramah"
Daniel Miller,Museum Mpu Tantular,5,"Bersih, nyaman, ramah"
Bonnie Webb,Museum Mpu Tantular,5,"Bersih, nyaman, ramah"
Stephanie Fowler,Museum Mpu Tantular,5,"Bersih, nyaman, ramah"
Jessica Green,Museum Mpu Tantular,5,"Bersih, nyaman, ramah"
Veronica Allen,Museum Mpu Tantular,3,"Saya mendatangi destinasi yang katanya gratis parkir, tetapi ternyata ada parkir liar yang meminta uang sebesar 10 ribu."
Karen Hunt,Museum Mpu Tantular,3,"Saya mendatangi destinasi yang katanya gratis parkir, tetapi ternyata ada parkir liar yang meminta uang sebesar 10 ribu."
James Mayer,Museum Mpu Tantular,3,"Saya mendatangi destinasi yang katanya gratis parkir, tetapi ternyata ada parkir liar yang meminta uang sebesar 10 ribu."
John Kim,Museum Mpu Tantular,3,"Saya mendatangi destinasi yang katanya gratis parkir, tetapi ternyata ada parkir liar yang meminta uang sebesar 10 ribu."
Mrs. Jessica Juarez DDS,Museum Mpu Tantular,3,"Saya mendatangi destinasi yang katanya gratis parkir, tetapi ternyata ada parkir liar yang meminta uang sebesar 10 ribu."
Douglas Avila,Museum Mpu Tantular,2,Saya terpaksa membayar uang parkir kepada petugas parkir liar tersebut karena saya tidak ingin kendaraan saya dirusak
Michael Parker,Museum Mpu Tantular,2,Saya terpaksa membayar uang parkir kepada petugas parkir liar tersebut karena saya tidak ingin kendaraan saya dirusak
Kelly Guzman,Museum Mpu Tantular,2,Saya terpaksa membayar uang parkir kepada petugas parkir liar tersebut karena saya tidak ingin kendaraan saya dirusak
Brian Hester,Museum Mpu Tantular,2,Saya terpaksa membayar uang parkir kepada petugas parkir liar tersebut karena saya tidak ingin kendaraan saya dirusak
Alexander Lutz,Museum Mpu Tantular,2,Saya terpaksa membayar uang parkir kepada petugas parkir liar tersebut karena saya tidak ingin kendaraan saya dirusak
Paul Chavez,Museum Mpu Tantular,2,Saya terpaksa membayar uang parkir kepada petugas parkir liar tersebut karena saya tidak ingin kendaraan saya dirusak
Dr. Joseph Contreras,Museum Mpu Tantular,2,Saya terpaksa membayar uang parkir kepada petugas parkir liar tersebut karena saya tidak ingin kendaraan saya dirusak
Scott Soto,Museum Mpu Tantular,2,Saya terpaksa membayar uang parkir kepada petugas parkir liar tersebut karena saya tidak ingin kendaraan saya dirusak
Troy Abbott,Museum Mpu Tantular,2,Saya terpaksa membayar uang parkir kepada petugas parkir liar tersebut karena saya tidak ingin kendaraan saya dirusak
Ryan Gonzalez,Museum Mpu Tantular,2,Saya terpaksa membayar uang parkir kepada petugas parkir liar tersebut karena saya tidak ingin kendaraan saya dirusak
Debra Santiago,Museum Mpu Tantular,2,Saya terpaksa membayar uang parkir kepada petugas parkir liar tersebut karena saya tidak ingin kendaraan saya dirusak
Kimberly Larson,Museum Mpu Tantular,2,Saya terpaksa membayar uang parkir kepada petugas parkir liar tersebut karena saya tidak ingin kendaraan saya dirusak
Deanna Clark,Museum Mpu Tantular,2,Saya terpaksa membayar uang parkir kepada petugas parkir liar tersebut karena saya tidak ingin kendaraan saya dirusak
Christine Stewart,Museum Mpu Tantular,2,Saya terpaksa membayar uang parkir kepada petugas parkir liar tersebut karena saya tidak ingin kendaraan saya dirusak
Christina Thornton,Museum Mpu Tantular,2,Saya terpaksa membayar uang parkir kepada petugas parkir liar tersebut karena saya tidak ingin kendaraan saya dirusak
Linda Campbell,Museum Mpu Tantular,2,Saya terpaksa membayar uang parkir kepada petugas parkir liar tersebut karena saya tidak ingin kendaraan saya dirusak
Catherine Livingston,Museum Mpu Tantular,2,Saya terpaksa membayar uang parkir kepada petugas parkir liar tersebut karena saya tidak ingin kendaraan saya dirusak
Cassandra Vincent,Museum Mpu Tantular,2,Saya terpaksa membayar uang parkir kepada petugas parkir liar tersebut karena saya tidak ingin kendaraan saya dirusak
Melissa Mcfarland,Museum Mpu Tantular,1,Saya sedang berkendara di tempat wisata pada hari minggu kemrin pukul 10.00 WIB ketika tiba-tiba dihampiri oleh seorang laki-laki memalak saya dia meminta barang dan uang saya
Nicholas Mills,Museum Mpu Tantular,1,Saya sedang berkendara di tempat wisata pada hari minggu kemrin pukul 10.00 WIB ketika tiba-tiba dihampiri oleh seorang laki-laki memalak saya dia meminta barang dan uang saya
Ashley Bates,Museum Mpu Tantular,1,Saya sedang berkendara di tempat wisata pada hari minggu kemrin pukul 10.00 WIB ketika tiba-tiba dihampiri oleh seorang laki-laki memalak saya dia meminta barang dan uang saya
Jason Ross,Museum Mpu Tantular,1,Saya sedang berkendara di tempat wisata pada hari minggu kemrin pukul 10.00 WIB ketika tiba-tiba dihampiri oleh seorang laki-laki memalak saya dia meminta barang dan uang saya
Michael Ferguson,Museum Mpu Tantular,1,Saya sedang berkendara di tempat wisata pada hari minggu kemrin pukul 10.00 WIB ketika tiba-tiba dihampiri oleh seorang laki-laki memalak saya dia meminta barang dan uang saya
Michael Rowe,Museum Mpu Tantular,1,Saya sedang berkendara di tempat wisata pada hari minggu kemrin pukul 10.00 WIB ketika tiba-tiba dihampiri oleh seorang laki-laki memalak saya dia meminta barang dan uang saya
Richard Parks,Museum Mpu Tantular,1,Saya sedang berkendara di tempat wisata pada hari minggu kemrin pukul 10.00 WIB ketika tiba-tiba dihampiri oleh seorang laki-laki memalak saya dia meminta barang dan uang saya
Robert Chang,Museum Mpu Tantular,1,Saya sedang berkendara di tempat wisata pada hari minggu kemrin pukul 10.00 WIB ketika tiba-tiba dihampiri oleh seorang laki-laki memalak saya dia meminta barang dan uang saya
Gail Ortiz,Museum Mpu Tantular,1,Saya sedang berkendara di tempat wisata pada hari minggu kemrin pukul 10.00 WIB ketika tiba-tiba dihampiri oleh seorang laki-laki memalak saya dia meminta barang dan uang saya
Brandi Davis,Museum Mpu Tantular,1,Saya sedang berkendara di tempat wisata pada hari minggu kemrin pukul 10.00 WIB ketika tiba-tiba dihampiri oleh seorang laki-laki memalak saya dia meminta barang dan uang saya
Carol Douglas,Museum Mpu Tantular,1,Saya sedang berkendara di tempat wisata pada hari minggu kemrin pukul 10.00 WIB ketika tiba-tiba dihampiri oleh seorang laki-laki memalak saya dia meminta barang dan uang saya
Kenneth Martinez,Museum Mpu Tantular,1,Saya sedang berkendara di tempat wisata pada hari minggu kemrin pukul 10.00 WIB ketika tiba-tiba dihampiri oleh seorang laki-laki memalak saya dia meminta barang dan uang saya
Kevin Simmons,Museum Mpu Tantular,1,Saya sedang berkendara di tempat wisata pada hari minggu kemrin pukul 10.00 WIB ketika tiba-tiba dihampiri oleh seorang laki-laki memalak saya dia meminta barang dan uang saya
Michael Gonzales,Museum Mpu Tantular,1,Saya sedang berkendara di tempat wisata pada hari minggu kemrin pukul 10.00 WIB ketika tiba-tiba dihampiri oleh seorang laki-laki memalak saya dia meminta barang dan uang saya
Kevin Saunders,Museum Mpu Tantular,1,Saya sedang berkendara di tempat wisata pada hari minggu kemrin pukul 10.00 WIB ketika tiba-tiba dihampiri oleh seorang laki-laki memalak saya dia meminta barang dan uang saya
Sarah Walters,Museum Mpu Tantular,1,Saya sedang berkendara di tempat wisata pada hari minggu kemrin pukul 10.00 WIB ketika tiba-tiba dihampiri oleh seorang laki-laki memalak saya dia meminta barang dan uang saya
Alexis Wilson,Museum Mpu Tantular,1,Saya sedang berkendara di tempat wisata pada hari minggu kemrin pukul 10.00 WIB ketika tiba-tiba dihampiri oleh seorang laki-laki memalak saya dia meminta barang dan uang saya
Christopher Smith,Museum Mpu Tantular,1,Saya sedang berkendara di tempat wisata pada hari minggu kemrin pukul 10.00 WIB ketika tiba-tiba dihampiri oleh seorang laki-laki memalak saya dia meminta barang dan uang saya
Chad Webb,Museum Mpu Tantular,1,Saya sedang berkendara di tempat wisata pada hari minggu kemrin pukul 10.00 WIB ketika tiba-tiba dihampiri oleh seorang laki-laki memalak saya dia meminta barang dan uang saya
Mr. Joseph Price,Museum Mpu Tantular,1,Saya sedang berkendara di tempat wisata pada hari minggu kemrin pukul 10.00 WIB ketika tiba-tiba dihampiri oleh seorang laki-laki memalak saya dia meminta barang dan uang saya
Erika Lee,Museum Mpu Tantular,1,Saya sedang berkendara di tempat wisata pada hari minggu kemrin pukul 10.00 WIB ketika tiba-tiba dihampiri oleh seorang laki-laki memalak saya dia meminta barang dan uang saya
Kevin Thompson,Museum Mpu Tantular,2,"Pada hari Selasa kemarin, saya dipaksa menyerahkan jam tangan saya oleh seorang laki-laki yang memalak saya "
Timothy Pittman,Museum Mpu Tantular,2,"Pada hari Selasa kemarin, saya dipaksa menyerahkan jam tangan saya oleh seorang laki-laki yang memalak saya "
Julie Mclaughlin,Museum Mpu Tantular,2,"Pada hari Selasa kemarin, saya dipaksa menyerahkan jam tangan saya oleh seorang laki-laki yang memalak saya "
Nicole Martin DDS,Museum Mpu Tantular,2,"Pada hari Selasa kemarin, saya dipaksa menyerahkan jam tangan saya oleh seorang laki-laki yang memalak saya "
Daniel Brennan,Museum Mpu Tantular,2,"Pada hari Selasa kemarin, saya dipaksa menyerahkan jam tangan saya oleh seorang laki-laki yang memalak saya "
Justin Robinson,Museum Mpu Tantular,2,"Pada hari Selasa kemarin, saya dipaksa menyerahkan jam tangan saya oleh seorang laki-laki yang memalak saya "
Eric Knight,Museum Mpu Tantular,2,"Pada hari Selasa kemarin, saya dipaksa menyerahkan jam tangan saya oleh seorang laki-laki yang memalak saya "
Jeffrey Green,Museum Mpu Tantular,2,"Pada hari Selasa kemarin, saya dipaksa menyerahkan jam tangan saya oleh seorang laki-laki yang memalak saya "
Timothy Goodman,Museum Mpu Tantular,2,"Pada hari Selasa kemarin, saya dipaksa menyerahkan jam tangan saya oleh seorang laki-laki yang memalak saya "
Christopher Johnson,Museum Mpu Tantular,2,"Pada hari Selasa kemarin, saya dipaksa menyerahkan jam tangan saya oleh seorang laki-laki yang memalak saya "
Jon Brewer,Museum Mpu Tantular,2,"Pada hari Selasa kemarin, saya dipaksa menyerahkan jam tangan saya oleh seorang laki-laki yang memalak saya "
Sheri Diaz,Museum Mpu Tantular,2,"Pada hari Selasa kemarin, saya dipaksa menyerahkan jam tangan saya oleh seorang laki-laki yang memalak saya "
Tami Davis,Museum Mpu Tantular,2,"Pada hari Selasa kemarin, saya dipaksa menyerahkan jam tangan saya oleh seorang laki-laki yang memalak saya "
Tammy Cox,Museum Mpu Tantular,2,"Pada hari Selasa kemarin, saya dipaksa menyerahkan jam tangan saya oleh seorang laki-laki yang memalak saya "
Vanessa Wise,Museum Mpu Tantular,2,"Pada hari Selasa kemarin, saya dipaksa menyerahkan jam tangan saya oleh seorang laki-laki yang memalak saya "
Melvin Barnes,Museum Mpu Tantular,2,"Pada hari Selasa kemarin, saya dipaksa menyerahkan jam tangan saya oleh seorang laki-laki yang memalak saya "
Sheena Thomas,Museum Mpu Tantular,2,"Pada hari Selasa kemarin, saya dipaksa menyerahkan jam tangan saya oleh seorang laki-laki yang memalak saya "
Michelle Simmons,Museum Mpu Tantular,2,"Pada hari Selasa kemarin, saya dipaksa menyerahkan jam tangan saya oleh seorang laki-laki yang memalak saya "
Eric Gonzalez,Museum Mpu Tantular,2,"Pada hari Selasa kemarin, saya dipaksa menyerahkan jam tangan saya oleh seorang laki-laki yang memalak saya "
Gregory Valencia,Museum Mpu Tantular,2,"Pada hari Selasa kemarin, saya dipaksa menyerahkan jam tangan saya oleh seorang laki-laki yang memalak saya "
Nicole Ortega,Museum Mpu Tantular,2,"Pada hari Selasa kemarin, saya dipaksa menyerahkan jam tangan saya oleh seorang laki-laki yang memalak saya "
David Villanueva,Museum Mpu Tantular,2,"Pada hari Selasa kemarin, saya dipaksa menyerahkan jam tangan saya oleh seorang laki-laki yang memalak saya "
George Allen,Museum Mpu Tantular,2,"Pada hari Selasa kemarin, saya dipaksa menyerahkan jam tangan saya oleh seorang laki-laki yang memalak saya "
Lisa Nichols,Museum Mpu Tantular,2,"Pada hari Selasa kemarin, saya dipaksa menyerahkan jam tangan saya oleh seorang laki-laki yang memalak saya "
Lauren Buchanan,Museum Mpu Tantular,1,"Saya sedang berlibur di tempat wisata, ketika petugas meminta uang tambahan sebesar Rp100.000 kepada saya, padahal saya sudah membayar tiket masuk sebesar Rp50.000."
Derrick Hayden,Museum Mpu Tantular,1,"Saya sedang berlibur di tempat wisata, ketika petugas meminta uang tambahan sebesar Rp100.000 kepada saya, padahal saya sudah membayar tiket masuk sebesar Rp50.000."
Lisa White,Museum Mpu Tantular,1,"Saya sedang berlibur di tempat wisata, ketika petugas meminta uang tambahan sebesar Rp100.000 kepada saya, padahal saya sudah membayar tiket masuk sebesar Rp50.000."
Robert Taylor,Museum Mpu Tantular,1,"Saya sedang berlibur di tempat wisata, ketika petugas meminta uang tambahan sebesar Rp100.000 kepada saya, padahal saya sudah membayar tiket masuk sebesar Rp50.000."
Amy Keller,Museum Mpu Tantular,1,"Saya sedang berlibur di tempat wisata, ketika petugas meminta uang tambahan sebesar Rp100.000 kepada saya, padahal saya sudah membayar tiket masuk sebesar Rp50.000."
Judy Smith,Museum Mpu Tantular,1,"Saya sedang berlibur di tempat wisata, ketika petugas meminta uang tambahan sebesar Rp100.000 kepada saya, padahal saya sudah membayar tiket masuk sebesar Rp50.000."
Stephanie Robbins,Museum Mpu Tantular,1,"Saya sedang berlibur di tempat wisata, ketika petugas meminta uang tambahan sebesar Rp100.000 kepada saya, padahal saya sudah membayar tiket masuk sebesar Rp50.000."
Elizabeth Roy,Museum Mpu Tantular,1,"Saya sedang berlibur di tempat wisata, ketika petugas meminta uang tambahan sebesar Rp100.000 kepada saya, padahal saya sudah membayar tiket masuk sebesar Rp50.000."
Carol Henderson,Museum Mpu Tantular,1,"Saya sedang berlibur di tempat wisata, ketika petugas meminta uang tambahan sebesar Rp100.000 kepada saya, padahal saya sudah membayar tiket masuk sebesar Rp50.000."
Timothy Lowery,Museum Mpu Tantular,1,"Saya sedang berlibur di tempat wisata, ketika petugas meminta uang tambahan sebesar Rp100.000 kepada saya, padahal saya sudah membayar tiket masuk sebesar Rp50.000."
Philip Baker,Museum Mpu Tantular,1,"Saya sedang berlibur di tempat wisata, ketika petugas meminta uang tambahan sebesar Rp100.000 kepada saya, padahal saya sudah membayar tiket masuk sebesar Rp50.000."
Scott Jones,Museum Mpu Tantular,1,"Saya sedang berlibur di tempat wisata, ketika petugas meminta uang tambahan sebesar Rp100.000 kepada saya, padahal saya sudah membayar tiket masuk sebesar Rp50.000."
John Henry,Museum Mpu Tantular,1,"Saya sedang berlibur di tempat wisata, ketika petugas meminta uang tambahan sebesar Rp100.000 kepada saya, padahal saya sudah membayar tiket masuk sebesar Rp50.000."
William Delacruz,Museum Mpu Tantular,1,"Saya sedang berlibur di tempat wisata, ketika petugas meminta uang tambahan sebesar Rp100.000 kepada saya, padahal saya sudah membayar tiket masuk sebesar Rp50.000."
Karen Olson,Museum Mpu Tantular,1,"Saya sedang berlibur di tempat wisata, ketika petugas meminta uang tambahan sebesar Rp100.000 kepada saya, padahal saya sudah membayar tiket masuk sebesar Rp50.000."
David Haas,Museum Mpu Tantular,1,"Saya sedang berlibur di tempat wisata, ketika petugas meminta uang tambahan sebesar Rp100.000 kepada saya, padahal saya sudah membayar tiket masuk sebesar Rp50.000."
Anita Anderson,Museum Mpu Tantular,1,"Saya sedang berlibur di tempat wisata, ketika petugas meminta uang tambahan sebesar Rp100.000 kepada saya, padahal saya sudah membayar tiket masuk sebesar Rp50.000."
Susan Tate,Museum Mpu Tantular,1,"Saya sedang berlibur di tempat wisata, ketika petugas meminta uang tambahan sebesar Rp100.000 kepada saya, padahal saya sudah membayar tiket masuk sebesar Rp50.000."
Melissa Davis,Museum Mpu Tantular,1,"Saya sedang berlibur di tempat wisata, ketika petugas meminta uang tambahan sebesar Rp100.000 kepada saya, padahal saya sudah membayar tiket masuk sebesar Rp50.000."
Walter Clarke,Museum Mpu Tantular,1,"Saya sedang berlibur di tempat wisata, ketika petugas meminta uang tambahan sebesar Rp100.000 kepada saya, padahal saya sudah membayar tiket masuk sebesar Rp50.000."
Jonathan Tyler,Museum Mpu Tantular,1,"Saya sedang berlibur di tempat wisata, ketika petugas meminta uang tambahan sebesar Rp100.000 kepada saya, padahal saya sudah membayar tiket masuk sebesar Rp50.000."
Shelley Davis,Museum Mpu Tantular,1,"Saya sedang berlibur di tempat wisata, ketika petugas meminta uang tambahan sebesar Rp100.000 kepada saya, padahal saya sudah membayar tiket masuk sebesar Rp50.000."
Brian Fox,Museum Mpu Tantular,1,"Saya sedang berlibur di tempat wisata, ketika petugas meminta uang tambahan sebesar Rp100.000 kepada saya, padahal saya sudah membayar tiket masuk sebesar Rp50.000."
John Braun,Museum Mpu Tantular,1,"Saya sedang berlibur di tempat wisata, ketika petugas meminta uang tambahan sebesar Rp100.000 kepada saya, padahal saya sudah membayar tiket masuk sebesar Rp50.000."
Bradley Miller,Museum Mpu Tantular,1,"Saya sedang berlibur di tempat wisata, ketika petugas meminta uang tambahan sebesar Rp100.000 kepada saya, padahal saya sudah membayar tiket masuk sebesar Rp50.000."
Ashley Ramirez,Museum Mpu Tantular,1,"Saya sedang berlibur di tempat wisata, ketika petugas meminta uang tambahan sebesar Rp100.000 kepada saya, padahal saya sudah membayar tiket masuk sebesar Rp50.000."
Tony Martin,Museum Mpu Tantular,1,"Saya sedang berlibur di tempat wisata, ketika petugas meminta uang tambahan sebesar Rp100.000 kepada saya, padahal saya sudah membayar tiket masuk sebesar Rp50.000."
Robert Copeland,Museum Mpu Tantular,1,"Saya sedang berlibur di tempat wisata, ketika petugas meminta uang tambahan sebesar Rp100.000 kepada saya, padahal saya sudah membayar tiket masuk sebesar Rp50.000."
Holly Potts,Museum Mpu Tantular,2,"Petugas di tempat wisata tiba-tiba meminta uang tambahan kepada saya, padahal saya sudah membayar tiket masuk."
Tonya Jones,Museum Mpu Tantular,2,"Petugas di tempat wisata tiba-tiba meminta uang tambahan kepada saya, padahal saya sudah membayar tiket masuk."
Joshua Costa,Museum Mpu Tantular,2,"Petugas di tempat wisata tiba-tiba meminta uang tambahan kepada saya, padahal saya sudah membayar tiket masuk."
Tracy Nelson,Museum Mpu Tantular,2,"Petugas di tempat wisata tiba-tiba meminta uang tambahan kepada saya, padahal saya sudah membayar tiket masuk."
Tanner Dominguez,Museum Mpu Tantular,2,"Petugas di tempat wisata tiba-tiba meminta uang tambahan kepada saya, padahal saya sudah membayar tiket masuk."
Jill Hall,Museum Mpu Tantular,2,"Petugas di tempat wisata tiba-tiba meminta uang tambahan kepada saya, padahal saya sudah membayar tiket masuk."
Dr. Angela Douglas,Museum Mpu Tantular,2,"Petugas di tempat wisata tiba-tiba meminta uang tambahan kepada saya, padahal saya sudah membayar tiket masuk."
John Crawford,Museum Mpu Tantular,2,"Petugas di tempat wisata tiba-tiba meminta uang tambahan kepada saya, padahal saya sudah membayar tiket masuk."
Lisa Maxwell,Museum Mpu Tantular,2,"Petugas di tempat wisata tiba-tiba meminta uang tambahan kepada saya, padahal saya sudah membayar tiket masuk."
Beverly Thomas,Museum Mpu Tantular,2,"Petugas di tempat wisata tiba-tiba meminta uang tambahan kepada saya, padahal saya sudah membayar tiket masuk."
Dustin Reed,Museum Mpu Tantular,2,"Petugas di tempat wisata tiba-tiba meminta uang tambahan kepada saya, padahal saya sudah membayar tiket masuk."
David Chen,Museum Mpu Tantular,2,"Petugas di tempat wisata tiba-tiba meminta uang tambahan kepada saya, padahal saya sudah membayar tiket masuk."
Eugene Franklin,Museum Mpu Tantular,2,"Petugas di tempat wisata tiba-tiba meminta uang tambahan kepada saya, padahal saya sudah membayar tiket masuk."
Richard Lucas,Museum Mpu Tantular,2,"Petugas di tempat wisata tiba-tiba meminta uang tambahan kepada saya, padahal saya sudah membayar tiket masuk."
Melissa Hanson,Museum Mpu Tantular,2,"Petugas di tempat wisata tiba-tiba meminta uang tambahan kepada saya, padahal saya sudah membayar tiket masuk."
Christina Douglas,Museum Mpu Tantular,1,di tempat wisata ada orang yang melakukan parkir liar dan mengacam jika tidak membayar
Melissa Moore,Museum Mpu Tantular,1,di tempat wisata ada orang yang melakukan parkir liar dan mengacam jika tidak membayar
Joseph Riley,Museum Mpu Tantular,1,di tempat wisata ada orang yang melakukan parkir liar dan mengacam jika tidak membayar
Samuel Mcintosh,Museum Mpu Tantular,1,di tempat wisata ada orang yang melakukan parkir liar dan mengacam jika tidak membayar
Christopher Merritt,Museum Mpu Tantular,1,di tempat wisata ada orang yang melakukan parkir liar dan mengacam jika tidak membayar
Kathleen Chandler,Museum Mpu Tantular,1,di tempat wisata ada orang yang melakukan parkir liar dan mengacam jika tidak membayar
Wesley Howard,Museum Mpu Tantular,1,di tempat wisata ada orang yang melakukan parkir liar dan mengacam jika tidak membayar
Richard Wolf,Museum Mpu Tantular,1,di tempat wisata ada orang yang melakukan parkir liar dan mengacam jika tidak membayar
Michael Flores,Museum Mpu Tantular,1,di tempat wisata ada orang yang melakukan parkir liar dan mengacam jika tidak membayar
Christina Young,Museum Mpu Tantular,1,di tempat wisata ada orang yang melakukan parkir liar dan mengacam jika tidak membayar
James Clark,Museum Mpu Tantular,1,di tempat wisata ada orang yang melakukan parkir liar dan mengacam jika tidak membayar
Frederick Rogers,Museum Mpu Tantular,1,di tempat wisata ada orang yang melakukan parkir liar dan mengacam jika tidak membayar
Leslie Lynn,Museum Mpu Tantular,1,di tempat wisata ada orang yang melakukan parkir liar dan mengacam jika tidak membayar
Robert Castillo,Museum Mpu Tantular,1,di tempat wisata ada orang yang melakukan parkir liar dan mengacam jika tidak membayar
Randy Sanders,Museum Mpu Tantular,1,di tempat wisata ada orang yang melakukan parkir liar dan mengacam jika tidak membayar
Brooke Herrera,Museum Mpu Tantular,1,di tempat wisata ada orang yang melakukan parkir liar dan mengacam jika tidak membayar
Jason Castro,Museum Mpu Tantular,2,ada orang yang memalak
Joseph Hall,Museum Mpu Tantular,2,ada orang yang memalak
Jennifer Powell,Museum Mpu Tantular,2,ada orang yang memalak
Adam Barton,Museum Mpu Tantular,2,ada orang yang memalak
Nancy Meyer,Museum Mpu Tantular,2,ada orang yang memalak
Nichole Gross,Museum Mpu Tantular,2,ada orang yang memalak
Katherine Lamb,Museum Mpu Tantular,2,ada orang yang memalak
Amanda Solomon,Museum Mpu Tantular,2,ada orang yang memalak
Daryl Zamora,Museum Mpu Tantular,2,ada orang yang memalak
Melinda Collins,Museum Mpu Tantular,1,ada orang yang meminta uang tambahan
Bethany Cain,Museum Mpu Tantular,1,ada orang yang meminta uang tambahan
Katelyn Lambert,Museum Mpu Tantular,1,ada orang yang meminta uang tambahan
Catherine Morris,Museum Mpu Tantular,1,ada orang yang meminta uang tambahan
Ashley Baker,Museum Mpu Tantular,1,ada orang yang meminta uang tambahan
Kelly Long,Museum Mpu Tantular,1,ada orang yang meminta uang tambahan
Kaylee Munoz,Museum Mpu Tantular,1,ada orang yang meminta uang tambahan
Susan Steele,Museum Mpu Tantular,1,ada orang yang meminta uang tambahan
Cody Ayala,Museum Mpu Tantular,1,ada orang yang meminta uang tambahan
Jacob Terrell,Museum Mpu Tantular,1,ada orang yang meminta uang tambahan
Ashley Davis,Museum Mpu Tantular,2,pihak penjaga tike Meminta uang Tambahan tidak sesuai tarif
Katelyn Banks,Museum Mpu Tantular,2,pihak penjaga tike Meminta uang Tambahan tidak sesuai tarif
Jodi Scott,Museum Mpu Tantular,2,pihak penjaga tike Meminta uang Tambahan tidak sesuai tarif
Keith Lopez,Museum Mpu Tantular,2,pihak penjaga tike Meminta uang Tambahan tidak sesuai tarif
Maria Ortiz,Museum Mpu Tantular,2,pihak penjaga tike Meminta uang Tambahan tidak sesuai tarif
Jesse Harris,Museum Mpu Tantular,3,parkir liar meresahkan
Joshua Gonzalez,Museum Mpu Tantular,3,parkir liar meresahkan
Nicole Nguyen,Museum Mpu Tantular,3,parkir liar meresahkan
Nancy Norman,Museum Mpu Tantular,3,parkir liar meresahkan
Elizabeth Rhodes,Museum Mpu Tantular,3,parkir liar meresahkan
Sandra Long,Museum Mpu Tantular,3,parkir liar meresahkan
John White,Museum Mpu Tantular,3,parkir liar meresahkan
Michael Arnold,Museum Mpu Tantular,2,ada orang yang memalak saya
Mrs. Laura Estrada,Museum Mpu Tantular,2,ada orang yang memalak saya
Sean Gross,Museum Mpu Tantular,2,ada orang yang memalak saya
Elizabeth Gregory,Museum Mpu Tantular,2,ada orang yang memalak saya
Tiffany Miller,Museum Mpu Tantular,2,ada orang yang memalak saya
Dr. Emily Morrison,Museum Mpu Tantular,2,ada orang yang memalak saya
Daniel Garcia,Museum Mpu Tantular,2,ada orang yang memalak saya
Bethany Swanson,Museum Mpu Tantular,1,saya dimintai uang tempat padahal saya sudah membayar saya tidak terima ini termasuk pungli
Heather Smith,Museum Mpu Tantular,1,saya dimintai uang tempat padahal saya sudah membayar saya tidak terima ini termasuk pungli
Gina Davis,Museum Mpu Tantular,2,staf meminta uang tambahan yang tidak masuk akal
Sarah Campbell,Museum Mpu Tantular,2,staf meminta uang tambahan yang tidak masuk akal
Valerie Robbins,Museum Mpu Tantular,2,staf meminta uang tambahan yang tidak masuk akal
Mary Cantu,Museum Mpu Tantular,2,staf meminta uang tambahan yang tidak masuk akal
Michael Adams,Museum Mpu Tantular,2,staf meminta uang tambahan yang tidak masuk akal
Connie Bradshaw,Museum Mpu Tantular,2,staf meminta uang tambahan yang tidak masuk akal
Gregory Steele,Museum Mpu Tantular,1,saya dimintai uang tempat padahal saya sudah membayar saya tidak terima ini termasuk pungutan liar
Lindsay Haynes,Museum Mpu Tantular,1,saya dimintai uang tempat padahal saya sudah membayar saya tidak terima ini termasuk pungutan liar
Troy Smith,Museum Mpu Tantular,1,saya dimintai uang tempat padahal saya sudah membayar saya tidak terima ini termasuk pungutan liar
Richard Proctor,Museum Mpu Tantular,1,saya dimintai uang tempat padahal saya sudah membayar saya tidak terima ini termasuk pungutan liar
Sandra Hartman,Museum Mpu Tantular,1,saya dimintai uang tempat padahal saya sudah membayar saya tidak terima ini termasuk pungutan liar
Carl Webb,Museum Mpu Tantular,2,ada orang yang memalak saya sebesar 50.002
Shelby Campbell,Museum Mpu Tantular,2,ada orang yang memalak saya sebesar 50.003
Michael Thompson,Museum Mpu Tantular,2,ada orang yang memalak saya sebesar 50.006
Tammy Hamilton,Museum Mpu Tantular,2,ada orang yang memalak saya sebesar 50.011
Stephen Stewart,Museum Mpu Tantular,2,ada orang yang memalak saya sebesar 50.012
Ryan Thompson,Museum Mpu Tantular,2,ada orang yang memalak saya sebesar 50.018
Rebecca Allen,Museum Mpu Tantular,1,staf meminta uang tambahan yang tidak masuk akal
Jerome Alexander,Museum Mpu Tantular,1,staf meminta uang tambahan yang tidak masuk akal
John Pearson,Museum Mpu Tantular,3,"Saya mendatangi destinasi yang katanya gratis parkir, tetapi ternyata ada parkir liar yang meminta uang sebesar 10 ribu."
Richard Franklin,Museum Mpu Tantular,3,"Saya mendatangi destinasi yang katanya gratis parkir, tetapi ternyata ada parkir liar yang meminta uang sebesar 10 ribu."
Julie Perez,Museum Mpu Tantular,3,"Saya mendatangi destinasi yang katanya gratis parkir, tetapi ternyata ada parkir liar yang meminta uang sebesar 10 ribu."
Amanda Lee,Museum Mpu Tantular,3,"Saya mendatangi destinasi yang katanya gratis parkir, tetapi ternyata ada parkir liar yang meminta uang sebesar 10 ribu."
Jessica Allen,Museum Mpu Tantular,3,"Saya mendatangi destinasi yang katanya gratis parkir, tetapi ternyata ada parkir liar yang meminta uang sebesar 10 ribu."
Jennifer Olson,Museum Mpu Tantular,3,"Saya mendatangi destinasi yang katanya gratis parkir, tetapi ternyata ada parkir liar yang meminta uang sebesar 10 ribu."
Amber Joseph,Museum Mpu Tantular,3,"Saya mendatangi destinasi yang katanya gratis parkir, tetapi ternyata ada parkir liar yang meminta uang sebesar 10 ribu."
Michele Bailey MD,Museum Mpu Tantular,3,"Saya mendatangi destinasi yang katanya gratis parkir, tetapi ternyata ada parkir liar yang meminta uang sebesar 10 ribu."
Jeffrey Middleton,Museum Mpu Tantular,3,"Saya mendatangi destinasi yang katanya gratis parkir, tetapi ternyata ada parkir liar yang meminta uang sebesar 10 ribu."
Dr. Patrick Whitney DDS,Museum Mpu Tantular,3,"Saya mendatangi destinasi yang katanya gratis parkir, tetapi ternyata ada parkir liar yang meminta uang sebesar 10 ribu."
Rita Perry DVM,Museum Mpu Tantular,3,"Saya mendatangi destinasi yang katanya gratis parkir, tetapi ternyata ada parkir liar yang meminta uang sebesar 10 ribu."
Alexis Lopez,Museum Mpu Tantular,1,ada parkir liar
Diane Jensen,Museum Mpu Tantular,5,tempatnya menyenangkan
Regina Collins,Museum Mpu Tantular,5,tempatnya menyenangkan