User,Nama Wisata,Rating,Ulasan
Sharat Chandra K,Kampung Wisata Kadipaten,1,ada pungli
Mr. Himanshu Sinha,Kampung Wisata Kadipaten,4,keren
Najeeb Ahmad,Kampung Wisata Kadipaten,1,ada orang yang melakukan pungutan liar
Rahul2604,Kampung Wisata Kadipaten,5,cocok untuk healing
Xavier D,Kampung Wisata Kadipaten,5,Tempatnya bagus
stevebintley,Kampung Wisata Kadipaten,5,tempatnya bagus
Shafeeq T,Kampung Wisata Kadipaten,2,ada orang yang melakukan pungli
Vaishnavi_g,Kampung Wisata Kadipaten,4,Tempatnya bagus
Xenos,Kampung Wisata Kadipaten,5,tempatnya bagus
Jalpesh Rojasara,Kampung Wisata Kadipaten,1,pungutan liar
BharathiMani,Kampung Wisata Kadipaten,3,ada orang yang melakukan pungli
Amina,Kampung Wisata Kadipaten,4,Tempatnya bagus
SaiKumar,Kampung Wisata Kadipaten,2,ada pungutan liar
Surya Katakam,Kampung Wisata Kadipaten,2,ada pungli
Barbara A,Kampung Wisata Kadipaten,2,ada orang yang melakukan pungli
Ratan,Kampung Wisata Kadipaten,1,ada pungutan liar
MD Murtaza,Kampung Wisata Kadipaten,1,ada orang yang melakukan pungutan liar
Ashwin Vemuri,Kampung Wisata Kadipaten,2,ada orang yang melakukan pungli
Oneil,Kampung Wisata Kadipaten,1,pungli
Soni,Kampung Wisata Kadipaten,2,ada orang yang melakukan pungutan liar
Umesh R,Kampung Wisata Kadipaten,1,pungli
Srinivas,Kampung Wisata Kadipaten,4,tempatnya bagus
Leee,Kampung Wisata Kadipaten,1,ada pungutan liar
Neelam Rawat,Kampung Wisata Kadipaten,5,Tempatnya bagus
sow,Kampung Wisata Kadipaten,1,ada orang yang melakukan pungli
Amit Bansal,Kampung Wisata Kadipaten,4,cocok untuk healing
Ruzan Desai,Kampung Wisata Kadipaten,1,ada orang yang melakukan pungli
casandeep,Kampung Wisata Kadipaten,2,pungutan liar
TANISHK REDDY,Kampung Wisata Kadipaten,2,pungli
Michael M,Kampung Wisata Kadipaten,5,Tempatnya bagus
ullacarinquiterio,Kampung Wisata Kadipaten,5,Tempatnya bagus
sramanujamk,Kampung Wisata Kadipaten,2,ada orang yang melakukan pungli
madhavi2022,Kampung Wisata Kadipaten,5,keren
skychaserCalgary,Kampung Wisata Kadipaten,4,keren
TANISHK REDDY,Kampung Wisata Kadipaten,2,pungutan liar
casandeep,Kampung Wisata Kadipaten,1,ada pungutan liar
Michael M,Kampung Wisata Kadipaten,5,tempatnya bagus
sramanujamk,Kampung Wisata Kadipaten,5,tempatnya bagus
TANISHK REDDY,Kampung Wisata Kadipaten,1,ada pungli
OctOriental,Kampung Wisata Kadipaten,3,ada pungutan liar
sramanujamk,Kampung Wisata Kadipaten,3,pungli
Ratan,Kampung Wisata Kadipaten,1,ada orang yang melakukan pungli
Nipunika J,Kampung Wisata Kadipaten,1,ada pungutan liar
Alok Kumar,Kampung Wisata Kadipaten,1,ada pungutan liar
NITHIN KUMAR CHINTHAKINDI,Kampung Wisata Kadipaten,2,pungli
Jatin Divecha,Kampung Wisata Kadipaten,5,keren
Adventure02924825842,Kampung Wisata Kadipaten,1,ada orang yang melakukan pungutan liar
Maps09137423397,Kampung Wisata Kadipaten,2,ada pungutan liar
Shashank,Kampung Wisata Kadipaten,4,cocok untuk healing
Guruswami,Kampung Wisata Kadipaten,1,pungutan liar
Voyager60772539978,Kampung Wisata Kadipaten,5,cocok untuk healing
Paradise39582892651,Kampung Wisata Kadipaten,5,Tempatnya bagus
Go66994270094,Kampung Wisata Kadipaten,2,ada pungutan liar
Cruiser05803034960,Kampung Wisata Kadipaten,2,pungutan liar
Jet36110409852,Kampung Wisata Kadipaten,5,tempatnya nyaman
Go11408847903,Kampung Wisata Kadipaten,2,pungli
MANOJ KANDEYANG,Kampung Wisata Kadipaten,2,pungli
Divya V,Kampung Wisata Kadipaten,2,ada pungli
Shubham S,Kampung Wisata Kadipaten,2,ada pungli
sanjib c,Kampung Wisata Kadipaten,2,pungli
Avijit,Kampung Wisata Kadipaten,5,keren
SREENIVASAREDDY M,Kampung Wisata Kadipaten,2,pungutan liar
Praveen Anand,Kampung Wisata Kadipaten,4,cocok untuk healing
neeebeee,Kampung Wisata Kadipaten,5,tempatnya bagus
reshma r,Kampung Wisata Kadipaten,1,ada pungutan liar
Dattatray Bhat,Kampung Wisata Kadipaten,5,cocok untuk healing
Elias M,Kampung Wisata Kadipaten,4,keren
lkoraj,Kampung Wisata Kadipaten,5,tempatnya bagus
dr MADHUSUDAN SR,Kampung Wisata Kadipaten,4,cocok untuk healing
Tushar D,Kampung Wisata Kadipaten,1,ada orang yang melakukan pungutan liar
Lalatendu S,Kampung Wisata Kadipaten,5,Tempatnya bagus
simran,Kampung Wisata Kadipaten,5,Tempatnya bagus
Kaushik G,Kampung Wisata Kadipaten,5,Tempatnya bagus
Sunil,Kampung Wisata Kadipaten,5,cocok untuk healing
NAZEER SHAIK,Kampung Wisata Kadipaten,1,pungli
Shashi Prakash Mishra,Kampung Wisata Kadipaten,2,pungutan liar
Jaykann,Kampung Wisata Kadipaten,5,cocok untuk healing
sunil,Kampung Wisata Kadipaten,4,tempatnya nyaman
sow,Kampung Wisata Kadipaten,2,pungutan liar
shirin t,Kampung Wisata Kadipaten,2,ada orang yang melakukan pungli
Saurabh M,Kampung Wisata Kadipaten,2,ada pungutan liar
Srikanth S,Kampung Wisata Kadipaten,2,ada pungutan liar
Mitalee2012,Kampung Wisata Kadipaten,5,cocok untuk healing
Deepali G,Kampung Wisata Kadipaten,1,pungutan liar
Natarajan K,Kampung Wisata Kadipaten,5,keren
MyNameIs Shiva,Kampung Wisata Kadipaten,2,ada orang yang melakukan pungli
LostMySelfTraveling,Kampung Wisata Kadipaten,5,Tempatnya bagus
Arunkumar,Kampung Wisata Kadipaten,4,cocok untuk healing
Manoj Kumar,Kampung Wisata Kadipaten,1,ada orang yang melakukan pungutan liar
FIRDOUS (ARMAAN),Kampung Wisata Kadipaten,2,ada orang yang melakukan pungli
Farook Uddin,Kampung Wisata Kadipaten,4,tempatnya nyaman
Prashanth,Kampung Wisata Kadipaten,2,ada pungli
Ravindra V,Kampung Wisata Kadipaten,5,keren
Abhilash K,Kampung Wisata Kadipaten,1,ada orang yang melakukan pungli
sophiarnd,Kampung Wisata Kadipaten,1,ada pungli
Soumyajit Saha,Kampung Wisata Kadipaten,1,ada orang yang melakukan pungli
Dr. Santosh Raut,Kampung Wisata Kadipaten,2,ada pungutan liar
anonymous8808,Kampung Wisata Kadipaten,2,pungli
ravishtandon,Kampung Wisata Kadipaten,5,keren
Abhishek807,Kampung Wisata Kadipaten,2,ada orang yang melakukan pungutan liar
parasuraman s,Kampung Wisata Kadipaten,1,pungli
Kaushik G,Kampung Wisata Kadipaten,3,ada orang yang melakukan pungutan liar
Deepak Warrier,Kampung Wisata Kadipaten,2,ada orang yang melakukan pungli
thdaniel8,Kampung Wisata Kadipaten,5,tempatnya bagus
73prashantha,Kampung Wisata Kadipaten,5,Tempatnya bagus
lovetravelonly,Kampung Wisata Kadipaten,2,ada orang yang melakukan pungutan liar
sandeep g,Kampung Wisata Kadipaten,2,pungutan liar
Rajani B,Kampung Wisata Kadipaten,2,pungli
ramasamy s,Kampung Wisata Kadipaten,1,pungutan liar
BRKanth,Kampung Wisata Kadipaten,1,ada pungutan liar
Sumit S,Kampung Wisata Kadipaten,5,cocok untuk healing
640sameerp,Kampung Wisata Kadipaten,3,pungutan liar
SSSUUUNNNNNNYYY,Kampung Wisata Kadipaten,5,Tempatnya bagus
Rohit g,Kampung Wisata Kadipaten,5,tempatnya bagus
Sunil,Kampung Wisata Kadipaten,4,tempatnya bagus
Curious785091,Kampung Wisata Kadipaten,4,tempatnya nyaman
PKB,Kampung Wisata Kadipaten,2,ada orang yang melakukan pungli
Indusman248,Kampung Wisata Kadipaten,2,ada pungutan liar
sree143in,Kampung Wisata Kadipaten,4,tempatnya nyaman
Rajesh T,Kampung Wisata Kadipaten,4,Tempatnya bagus
Vikas D,Kampung Wisata Kadipaten,2,ada pungli
ChennaiShaji,Kampung Wisata Kadipaten,1,ada pungutan liar
Qkahmed,Kampung Wisata Kadipaten,1,ada pungutan liar
leelaneeraj1,Kampung Wisata Kadipaten,1,ada orang yang melakukan pungutan liar
Manoj43_11,Kampung Wisata Kadipaten,1,ada pungutan liar
Ashraf4916,Kampung Wisata Kadipaten,2,ada pungli
Anand R,Kampung Wisata Kadipaten,5,cocok untuk healing
Adeeb unisa,Kampung Wisata Kadipaten,2,pungli
SSDNY,Kampung Wisata Kadipaten,1,ada orang yang melakukan pungli
GoWrong,Kampung Wisata Kadipaten,2,pungutan liar
Soumyajit Saha,Kampung Wisata Kadipaten,1,ada orang yang melakukan pungli
Machotraveller,Kampung Wisata Kadipaten,1,ada pungutan liar
shaggy2015,Kampung Wisata Kadipaten,2,ada pungli
Journeyscribe,Kampung Wisata Kadipaten,5,keren
OctOriental,Kampung Wisata Kadipaten,2,ada pungli
Vaishnavi_g,Kampung Wisata Kadipaten,2,pungli
Kavya Sharma,Kampung Wisata Kadipaten,5,tempatnya bagus
Dr RAJKUMAR YADAV,Kampung Wisata Kadipaten,4,tempatnya nyaman
shekharlele,Kampung Wisata Kadipaten,5,keren
Laxmi K,Kampung Wisata Kadipaten,5,Tempatnya bagus
Vikas Singh,Kampung Wisata Kadipaten,4,Tempatnya bagus
gabrial03330,Kampung Wisata Kadipaten,3,ada pungutan liar
challa prashanth reddy,Kampung Wisata Kadipaten,2,pungutan liar
Mainak_Choudhuri,Kampung Wisata Kadipaten,4,tempatnya bagus
Prachet,Kampung Wisata Kadipaten,1,ada orang yang melakukan pungli
navinderpuri,Kampung Wisata Kadipaten,1,pungli
PurnimaJaay,Kampung Wisata Kadipaten,5,cocok untuk healing
chjprakash,Kampung Wisata Kadipaten,1,pungutan liar
Vinki K,Kampung Wisata Kadipaten,2,pungutan liar
Tejisaji,Kampung Wisata Kadipaten,2,pungli
Oneil,Kampung Wisata Kadipaten,2,ada pungutan liar
AKSHAT J,Kampung Wisata Kadipaten,2,pungli
Jinesh S,Kampung Wisata Kadipaten,2,ada pungutan liar
importedinteriors,Kampung Wisata Kadipaten,4,tempatnya bagus
Bharath m,Kampung Wisata Kadipaten,2,pungli
Sagar Bidkar,Kampung Wisata Kadipaten,4,cocok untuk healing
moogul818,Kampung Wisata Kadipaten,1,pungli
shilpi j,Kampung Wisata Kadipaten,5,tempatnya bagus
Sriramramanathan,Kampung Wisata Kadipaten,5,cocok untuk healing
Aravind D,Kampung Wisata Kadipaten,1,pungutan liar
sree143in,Kampung Wisata Kadipaten,2,ada pungutan liar
Puladasu Rajesh,Kampung Wisata Kadipaten,2,ada orang yang melakukan pungli
Ajit A,Kampung Wisata Kadipaten,4,Tempatnya bagus
Sounak Poddar,Kampung Wisata Kadipaten,2,ada orang yang melakukan pungutan liar
sunil vuppala,Kampung Wisata Kadipaten,3,ada orang yang melakukan pungli
Nitin A,Kampung Wisata Kadipaten,5,tempatnya nyaman
Polavarapu,Kampung Wisata Kadipaten,4,tempatnya nyaman
Bhaskar_10,Kampung Wisata Kadipaten,5,keren
Vikram,Kampung Wisata Kadipaten,2,ada orang yang melakukan pungutan liar
Ravindra V,Kampung Wisata Kadipaten,2,ada orang yang melakukan pungutan liar
Jamila N,Kampung Wisata Kadipaten,2,ada pungutan liar
Veer2468,Kampung Wisata Kadipaten,5,keren
BRKanth,Kampung Wisata Kadipaten,2,pungli
SuvodipMoitra,Kampung Wisata Kadipaten,2,ada orang yang melakukan pungli
Amazing_Neo,Kampung Wisata Kadipaten,1,ada pungli
Kashyap Kocherlakota,Kampung Wisata Kadipaten,2,ada orang yang melakukan pungli
SatyaSwapna,Kampung Wisata Kadipaten,5,cocok untuk healing
lkoraj,Kampung Wisata Kadipaten,2,ada orang yang melakukan pungli
795vidhis,Kampung Wisata Kadipaten,2,ada pungutan liar
NAZEER SHAIK,Kampung Wisata Kadipaten,4,Tempatnya bagus
Krishna Sandeep Siram,Kampung Wisata Kadipaten,5,Tempatnya bagus
Lokesh1981,Kampung Wisata Kadipaten,2,ada pungutan liar
chandrasekhar g,Kampung Wisata Kadipaten,4,tempatnya bagus
amitdon2,Kampung Wisata Kadipaten,5,Tempatnya bagus
Kishore W,Kampung Wisata Kadipaten,4,tempatnya nyaman
Dr Manoj Swaminathan,Kampung Wisata Kadipaten,1,ada pungli
HARISH,Kampung Wisata Kadipaten,5,tempatnya bagus
Dr Manoj Swaminathan,Kampung Wisata Kadipaten,4,cocok untuk healing
LostMySelfTraveling,Kampung Wisata Kadipaten,5,Tempatnya bagus
Kishore W,Kampung Wisata Kadipaten,1,ada orang yang melakukan pungli
Dr Manoj Swaminathan,Kampung Wisata Kadipaten,2,ada orang yang melakukan pungutan liar
NIL_MODI,Kampung Wisata Kadipaten,2,pungutan liar
Dr Manoj Swaminathan,Kampung Wisata Kadipaten,5,keren
LostMySelfTraveling,Kampung Wisata Kadipaten,2,ada orang yang melakukan pungutan liar
S R V,Kampung Wisata Kadipaten,5,tempatnya bagus
Dr Manoj Swaminathan,Kampung Wisata Kadipaten,1,ada orang yang melakukan pungli
NIL_MODI,Kampung Wisata Kadipaten,5,keren
pvrkaushik,Kampung Wisata Kadipaten,4,tempatnya bagus
LostMySelfTraveling,Kampung Wisata Kadipaten,2,ada pungutan liar
Dr Manoj Swaminathan,Kampung Wisata Kadipaten,5,Tempatnya bagus
Andrew Reynolds,Kampung Wisata Kadipaten,2,"seseorang memaksa saya membayar tempat, ini termasuk Pungutan Liar"
Kevin Collins,Kampung Wisata Kadipaten,2,"seseorang memaksa saya membayar tempat, ini termasuk Pungutan Liar"
Heather Daniel,Kampung Wisata Kadipaten,2,"seseorang memaksa saya membayar tempat, ini termasuk Pungutan Liar"
Christopher Gordon,Kampung Wisata Kadipaten,2,"seseorang memaksa saya membayar tempat, ini termasuk Pungutan Liar"
Karen Fisher,Kampung Wisata Kadipaten,2,"seseorang memaksa saya membayar tempat, ini termasuk Pungutan Liar"
Samantha Martinez,Kampung Wisata Kadipaten,2,"seseorang memaksa saya membayar tempat, ini termasuk Pungutan Liar"
Christopher Edwards,Kampung Wisata Kadipaten,2,"seseorang memaksa saya membayar tempat, ini termasuk Pungutan Liar"
Amanda Morales,Kampung Wisata Kadipaten,2,"seseorang memaksa saya membayar tempat, ini termasuk Pungutan Liar"
Dana Hart,Kampung Wisata Kadipaten,2,"seseorang memaksa saya membayar tempat, ini termasuk Pungutan Liar"
Angela Baker,Kampung Wisata Kadipaten,2,"seseorang memaksa saya membayar tempat, ini termasuk Pungutan Liar"
Laura Gonzales PhD,Kampung Wisata Kadipaten,2,"seseorang memaksa saya membayar tempat, ini termasuk Pungutan Liar"
Dr. James Shields,Kampung Wisata Kadipaten,2,"seseorang memaksa saya membayar tempat, ini termasuk Pungutan Liar"
Travis Edwards,Kampung Wisata Kadipaten,2,"seseorang memaksa saya membayar tempat, ini termasuk Pungutan Liar"
Diane Johnson,Kampung Wisata Kadipaten,2,"seseorang memaksa saya membayar tempat, ini termasuk Pungutan Liar"
Dr. Paul Wilkerson MD,Kampung Wisata Kadipaten,2,"seseorang memaksa saya membayar tempat, ini termasuk Pungutan Liar"
Eric Warner,Kampung Wisata Kadipaten,5,tempatnya menyenangkan
Susan Fuller,Kampung Wisata Kadipaten,5,tempatnya menyenangkan
Michael Arnold,Kampung Wisata Kadipaten,5,tempatnya menyenangkan
Richard Brown,Kampung Wisata Kadipaten,5,tempatnya menyenangkan
Benjamin Mccoy,Kampung Wisata Kadipaten,5,tempatnya menyenangkan
Terry Erickson,Kampung Wisata Kadipaten,5,tempatnya menyenangkan
Linda Williams,Kampung Wisata Kadipaten,5,tempatnya menyenangkan
Lori Hernandez,Kampung Wisata Kadipaten,5,tempatnya menyenangkan
Kendra Lee,Kampung Wisata Kadipaten,5,tempatnya menyenangkan
Maria Rollins,Kampung Wisata Kadipaten,5,tempatnya menyenangkan
Michele Johnson,Kampung Wisata Kadipaten,5,tempatnya menyenangkan
Heidi Goodwin,Kampung Wisata Kadipaten,5,tempatnya menyenangkan
Sharon Rosales,Kampung Wisata Kadipaten,5,tempatnya menyenangkan
Eric Sanchez,Kampung Wisata Kadipaten,5,tempatnya menyenangkan
Karen Lara,Kampung Wisata Kadipaten,5,tempatnya menyenangkan
George Griffin,Kampung Wisata Kadipaten,5,tempatnya menyenangkan
Jeffery Bennett,Kampung Wisata Kadipaten,5,tempatnya menyenangkan
Jacob Bryant,Kampung Wisata Kadipaten,5,tempatnya menyenangkan
Sharon Diaz,Kampung Wisata Kadipaten,5,tempatnya menyenangkan
Christopher Hanson,Kampung Wisata Kadipaten,5,tempatnya menyenangkan
Jake Knapp,Kampung Wisata Kadipaten,5,tempatnya menyenangkan
Maria Cameron,Kampung Wisata Kadipaten,1,seseorang melakukan Pungli
Billy Williams,Kampung Wisata Kadipaten,1,seseorang melakukan Pungli
Paul Foley,Kampung Wisata Kadipaten,1,seseorang melakukan Pungli
Catherine Young,Kampung Wisata Kadipaten,1,seseorang melakukan Pungli
Kelly Holmes,Kampung Wisata Kadipaten,1,seseorang melakukan Pungli
Hannah Cook,Kampung Wisata Kadipaten,1,seseorang melakukan Pungli
Theodore Leonard,Kampung Wisata Kadipaten,1,seseorang melakukan Pungli
John Daniel,Kampung Wisata Kadipaten,1,seseorang melakukan Pungli
Douglas Ali,Kampung Wisata Kadipaten,1,seseorang melakukan Pungli
Jessica Haley,Kampung Wisata Kadipaten,1,seseorang melakukan Pungli
Katherine Owens,Kampung Wisata Kadipaten,1,seseorang melakukan Pungli
Kathleen Logan,Kampung Wisata Kadipaten,1,seseorang melakukan Pungli
Carla Sims,Kampung Wisata Kadipaten,1,seseorang melakukan Pungli
Erica Odonnell,Kampung Wisata Kadipaten,1,seseorang melakukan Pungli
Christopher Rogers,Kampung Wisata Kadipaten,1,seseorang melakukan Pungli
Kristopher Duncan,Kampung Wisata Kadipaten,1,seseorang melakukan Pungli
Tracey Perez,Kampung Wisata Kadipaten,1,seseorang melakukan Pungli
Christine Thompson,Kampung Wisata Kadipaten,1,seseorang melakukan Pungli
Tina Berg,Kampung Wisata Kadipaten,1,seseorang melakukan Pungli
Kent Miller,Kampung Wisata Kadipaten,1,seseorang melakukan Pungli
Christopher Jones,Kampung Wisata Kadipaten,5,Tempatnya bersih dan rapih
Lisa Castillo,Kampung Wisata Kadipaten,5,Tempatnya bersih dan rapih
Raymond Bonilla,Kampung Wisata Kadipaten,5,Tempatnya bersih dan rapih
Jamie Walters,Kampung Wisata Kadipaten,5,Tempatnya bersih dan rapih
Christian Smith,Kampung Wisata Kadipaten,5,Tempatnya bersih dan rapih
Jerry Romero,Kampung Wisata Kadipaten,5,Tempatnya bersih dan rapih
Andrew Welch,Kampung Wisata Kadipaten,5,Tempatnya bersih dan rapih
Jorge Cruz MD,Kampung Wisata Kadipaten,5,Tempatnya bersih dan rapih
Randy Moore,Kampung Wisata Kadipaten,5,Tempatnya bersih dan rapih
Wayne Briggs,Kampung Wisata Kadipaten,5,Tempatnya bersih dan rapih
Jill Salazar,Kampung Wisata Kadipaten,5,Tempatnya bersih dan rapih
Hailey Hodges,Kampung Wisata Kadipaten,5,Tempatnya bersih dan rapih
Maria Carroll,Kampung Wisata Kadipaten,5,Tempatnya bersih dan rapih
Michael Lee,Kampung Wisata Kadipaten,5,Tempatnya bersih dan rapih
Jonathan Scott,Kampung Wisata Kadipaten,5,Tempatnya bersih dan rapih
Bryan Walls,Kampung Wisata Kadipaten,5,Tempatnya bersih dan rapih
Cindy Moody,Kampung Wisata Kadipaten,5,Tempatnya bersih dan rapih
Elizabeth Murillo,Kampung Wisata Kadipaten,5,Tempatnya bersih dan rapih
Leslie Johnson,Kampung Wisata Kadipaten,5,Tempatnya bersih dan rapih
Janice Johnson,Kampung Wisata Kadipaten,5,Tempatnya bersih dan rapih
Frank Allen,Kampung Wisata Kadipaten,5,Tempatnya bersih dan rapih
Gary Thompson,Kampung Wisata Kadipaten,3,PUNGUTAN LIAR
Katherine Carrillo,Kampung Wisata Kadipaten,3,PUNGUTAN LIAR
Matthew Pearson,Kampung Wisata Kadipaten,3,PUNGUTAN LIAR
Marilyn Moore,Kampung Wisata Kadipaten,3,PUNGUTAN LIAR
Dr. Nancy Duffy DVM,Kampung Wisata Kadipaten,3,PUNGUTAN LIAR
Kimberly Stone,Kampung Wisata Kadipaten,3,PUNGUTAN LIAR
David Russo,Kampung Wisata Kadipaten,3,PUNGUTAN LIAR
Benjamin Mclaughlin,Kampung Wisata Kadipaten,3,PUNGUTAN LIAR
Dustin Eaton,Kampung Wisata Kadipaten,3,PUNGUTAN LIAR
David Davis,Kampung Wisata Kadipaten,3,PUNGUTAN LIAR
Andrea Singleton,Kampung Wisata Kadipaten,3,PUNGUTAN LIAR
Joshua Smith,Kampung Wisata Kadipaten,3,PUNGUTAN LIAR
Aaron Sutton,Kampung Wisata Kadipaten,3,PUNGUTAN LIAR
James Calhoun,Kampung Wisata Kadipaten,3,PUNGUTAN LIAR
Donald Duran,Kampung Wisata Kadipaten,3,PUNGUTAN LIAR
April Fuller,Kampung Wisata Kadipaten,3,PUNGUTAN LIAR
Alexis Reid,Kampung Wisata Kadipaten,3,PUNGUTAN LIAR
Micheal Cochran,Kampung Wisata Kadipaten,3,PUNGUTAN LIAR
George Robinson,Kampung Wisata Kadipaten,3,PUNGUTAN LIAR
Melissa Morrison,Kampung Wisata Kadipaten,3,PUNGUTAN LIAR
Aaron Mcmahon,Kampung Wisata Kadipaten,5,Pemandangannya bagus
Amy Allen,Kampung Wisata Kadipaten,5,Pemandangannya bagus
Charles Valenzuela,Kampung Wisata Kadipaten,5,Pemandangannya bagus
Emily Cook,Kampung Wisata Kadipaten,5,Pemandangannya bagus
Laura Fisher,Kampung Wisata Kadipaten,5,Pemandangannya bagus
Andrea Nelson,Kampung Wisata Kadipaten,5,Pemandangannya bagus
Sarah Bennett,Kampung Wisata Kadipaten,5,Pemandangannya bagus
Susan Thomas,Kampung Wisata Kadipaten,5,Pemandangannya bagus
Daniel Anderson,Kampung Wisata Kadipaten,5,Pemandangannya bagus
Phillip Carpenter,Kampung Wisata Kadipaten,5,Pemandangannya bagus
Nathaniel Davis,Kampung Wisata Kadipaten,5,Pemandangannya bagus
Margaret Nelson,Kampung Wisata Kadipaten,5,Pemandangannya bagus
Ana Klein,Kampung Wisata Kadipaten,5,Pemandangannya bagus
Melinda Rogers,Kampung Wisata Kadipaten,5,Pemandangannya bagus
Ryan Watson,Kampung Wisata Kadipaten,5,Pemandangannya bagus
Karen Smith,Kampung Wisata Kadipaten,5,Pemandangannya bagus
Kathryn Davis,Kampung Wisata Kadipaten,5,Pemandangannya bagus
Janice Powers,Kampung Wisata Kadipaten,5,Pemandangannya bagus
Jonathan Guerra,Kampung Wisata Kadipaten,2,PUNGLI
Shane Cain,Kampung Wisata Kadipaten,2,PUNGLI
Michael Gonzalez,Kampung Wisata Kadipaten,2,PUNGLI
Deborah Cruz,Kampung Wisata Kadipaten,2,PUNGLI
Elizabeth Salinas,Kampung Wisata Kadipaten,2,PUNGLI
Micheal Lopez,Kampung Wisata Kadipaten,2,PUNGLI
Linda Compton,Kampung Wisata Kadipaten,2,PUNGLI
Michael Cunningham,Kampung Wisata Kadipaten,2,PUNGLI
Stephen Wong,Kampung Wisata Kadipaten,2,PUNGLI
Brittany Thompson,Kampung Wisata Kadipaten,2,PUNGLI
Thomas Cook,Kampung Wisata Kadipaten,2,PUNGLI
Amanda Elliott,Kampung Wisata Kadipaten,2,PUNGLI
Henry Woods,Kampung Wisata Kadipaten,2,PUNGLI
Hayden Myers,Kampung Wisata Kadipaten,2,PUNGLI
Jessica Ryan,Kampung Wisata Kadipaten,2,PUNGLI
Hannah Rios,Kampung Wisata Kadipaten,2,PUNGLI
Eduardo Thompson,Kampung Wisata Kadipaten,2,PUNGLI
James Adkins,Kampung Wisata Kadipaten,2,PUNGLI
Kathleen Long,Kampung Wisata Kadipaten,2,PUNGLI
Christian Ramirez,Kampung Wisata Kadipaten,2,PUNGLI
Autumn Calderon,Kampung Wisata Kadipaten,2,PUNGLI
Shirley Garcia,Kampung Wisata Kadipaten,2,PUNGLI
Eugene Kane,Kampung Wisata Kadipaten,2,PUNGLI
Kyle Reynolds,Kampung Wisata Kadipaten,4,suasananya sejuk cocok untuk cari angin
Kaitlyn Williams,Kampung Wisata Kadipaten,4,suasananya sejuk cocok untuk cari angin
Amber Williams,Kampung Wisata Kadipaten,4,suasananya sejuk cocok untuk cari angin
Joseph Lopez,Kampung Wisata Kadipaten,4,suasananya sejuk cocok untuk cari angin
Martin Galloway,Kampung Wisata Kadipaten,4,suasananya sejuk cocok untuk cari angin
Patricia Griffin,Kampung Wisata Kadipaten,4,suasananya sejuk cocok untuk cari angin
Nathaniel Hamilton,Kampung Wisata Kadipaten,4,suasananya sejuk cocok untuk cari angin
Mary Garcia,Kampung Wisata Kadipaten,4,suasananya sejuk cocok untuk cari angin
Lindsey Cook,Kampung Wisata Kadipaten,4,suasananya sejuk cocok untuk cari angin
Michael Vargas,Kampung Wisata Kadipaten,4,suasananya sejuk cocok untuk cari angin
Kyle Sexton,Kampung Wisata Kadipaten,4,suasananya sejuk cocok untuk cari angin
Felicia Holmes,Kampung Wisata Kadipaten,4,suasananya sejuk cocok untuk cari angin
Jennifer Gray,Kampung Wisata Kadipaten,4,suasananya sejuk cocok untuk cari angin
Robert Lopez,Kampung Wisata Kadipaten,4,suasananya sejuk cocok untuk cari angin
Mario Acevedo,Kampung Wisata Kadipaten,4,suasananya sejuk cocok untuk cari angin
Nicholas Carter,Kampung Wisata Kadipaten,4,suasananya sejuk cocok untuk cari angin
Chad Caldwell,Kampung Wisata Kadipaten,4,suasananya sejuk cocok untuk cari angin
Katelyn Larsen,Kampung Wisata Kadipaten,4,suasananya sejuk cocok untuk cari angin
Thomas Chen,Kampung Wisata Kadipaten,4,suasananya sejuk cocok untuk cari angin
Brandon Morgan,Kampung Wisata Kadipaten,4,suasananya sejuk cocok untuk cari angin
Kayla Carrillo,Kampung Wisata Kadipaten,1,pUnguTAN LIAR
Cassandra Shelton,Kampung Wisata Kadipaten,1,pUnguTAN LIAR
Daniel Villarreal,Kampung Wisata Kadipaten,1,pUnguTAN LIAR
Cynthia Cook,Kampung Wisata Kadipaten,1,pUnguTAN LIAR
Cindy Deleon,Kampung Wisata Kadipaten,1,pUnguTAN LIAR
Richard Parker,Kampung Wisata Kadipaten,1,pUnguTAN LIAR
Thomas Robles,Kampung Wisata Kadipaten,1,pUnguTAN LIAR
Samuel Caldwell,Kampung Wisata Kadipaten,1,pUnguTAN LIAR
Lindsay Freeman,Kampung Wisata Kadipaten,1,pUnguTAN LIAR
Stacy Mills,Kampung Wisata Kadipaten,1,pUnguTAN LIAR
Eric Johnson,Kampung Wisata Kadipaten,1,pUnguTAN LIAR
Pamela Dawson,Kampung Wisata Kadipaten,1,pUnguTAN LIAR
Brian Miller,Kampung Wisata Kadipaten,1,pUnguTAN LIAR
Mary Barnett,Kampung Wisata Kadipaten,1,pUnguTAN LIAR
Nicholas Adams,Kampung Wisata Kadipaten,1,pUnguTAN LIAR
Stacy Reynolds,Kampung Wisata Kadipaten,1,pUnguTAN LIAR
Kelly Gill,Kampung Wisata Kadipaten,1,pUnguTAN LIAR
Jordan Calhoun,Kampung Wisata Kadipaten,1,pUnguTAN LIAR
Linda Moran,Kampung Wisata Kadipaten,2,pUngLi
Amber Stephens,Kampung Wisata Kadipaten,2,pUngLi
Donna Wallace,Kampung Wisata Kadipaten,2,pUngLi
Sharon Jordan,Kampung Wisata Kadipaten,2,pUngLi
Rachael Thomas,Kampung Wisata Kadipaten,2,pUngLi
Jordan Parker,Kampung Wisata Kadipaten,2,pUngLi
Robert Cortez,Kampung Wisata Kadipaten,2,pUngLi
Jason Alvarado,Kampung Wisata Kadipaten,2,pUngLi
Christine Gonzalez,Kampung Wisata Kadipaten,2,pUngLi
Elizabeth Ramirez,Kampung Wisata Kadipaten,2,pUngLi
Riley Dixon,Kampung Wisata Kadipaten,2,pUngLi
Ashley Boyd,Kampung Wisata Kadipaten,2,pUngLi
Carol Orozco,Kampung Wisata Kadipaten,2,pUngLi
Michael Holland,Kampung Wisata Kadipaten,2,pUngLi
Mary Craig,Kampung Wisata Kadipaten,2,pUngLi
Lee Green,Kampung Wisata Kadipaten,2,pUngLi
Deborah Page,Kampung Wisata Kadipaten,2,pUngLi
Stephanie Allen,Kampung Wisata Kadipaten,2,pUngLi
Connie Church,Kampung Wisata Kadipaten,2,pUngLi
Bradley Wheeler,Kampung Wisata Kadipaten,2,pUngLi
Bradley Wheeler,Kampung Wisata Kadipaten,2,pUngLi
Jessica Olson,Kampung Wisata Kadipaten,5,"Bersih, nyaman, ramah"
Lisa Lambert,Kampung Wisata Kadipaten,5,"Bersih, nyaman, ramah"
Christina Watts,Kampung Wisata Kadipaten,5,"Bersih, nyaman, ramah"
Brenda Wiley,Kampung Wisata Kadipaten,3,"Saya mendatangi destinasi yang katanya gratis parkir, tetapi ternyata ada parkir liar yang meminta uang sebesar 10 ribu."
Adrienne Petersen,Kampung Wisata Kadipaten,3,"Saya mendatangi destinasi yang katanya gratis parkir, tetapi ternyata ada parkir liar yang meminta uang sebesar 10 ribu."
Jacqueline Meyers,Kampung Wisata Kadipaten,3,"Saya mendatangi destinasi yang katanya gratis parkir, tetapi ternyata ada parkir liar yang meminta uang sebesar 10 ribu."
Jennifer Green,Kampung Wisata Kadipaten,3,"Saya mendatangi destinasi yang katanya gratis parkir, tetapi ternyata ada parkir liar yang meminta uang sebesar 10 ribu."
Victoria Scott,Kampung Wisata Kadipaten,3,"Saya mendatangi destinasi yang katanya gratis parkir, tetapi ternyata ada parkir liar yang meminta uang sebesar 10 ribu."
Austin Walker,Kampung Wisata Kadipaten,3,"Saya mendatangi destinasi yang katanya gratis parkir, tetapi ternyata ada parkir liar yang meminta uang sebesar 10 ribu."
Anthony Mcdonald,Kampung Wisata Kadipaten,3,"Saya mendatangi destinasi yang katanya gratis parkir, tetapi ternyata ada parkir liar yang meminta uang sebesar 10 ribu."
Russell Hatfield,Kampung Wisata Kadipaten,3,"Saya mendatangi destinasi yang katanya gratis parkir, tetapi ternyata ada parkir liar yang meminta uang sebesar 10 ribu."
Allison Thomas,Kampung Wisata Kadipaten,3,"Saya mendatangi destinasi yang katanya gratis parkir, tetapi ternyata ada parkir liar yang meminta uang sebesar 10 ribu."
Shelby Rubio,Kampung Wisata Kadipaten,3,"Saya mendatangi destinasi yang katanya gratis parkir, tetapi ternyata ada parkir liar yang meminta uang sebesar 10 ribu."
Samantha Baker,Kampung Wisata Kadipaten,3,"Saya mendatangi destinasi yang katanya gratis parkir, tetapi ternyata ada parkir liar yang meminta uang sebesar 10 ribu."
Derek Klein,Kampung Wisata Kadipaten,2,Saya terpaksa membayar uang parkir kepada petugas parkir liar tersebut karena saya tidak ingin kendaraan saya dirusak
Nicole Garcia,Kampung Wisata Kadipaten,2,Saya terpaksa membayar uang parkir kepada petugas parkir liar tersebut karena saya tidak ingin kendaraan saya dirusak
James Martin,Kampung Wisata Kadipaten,2,Saya terpaksa membayar uang parkir kepada petugas parkir liar tersebut karena saya tidak ingin kendaraan saya dirusak
William Gray,Kampung Wisata Kadipaten,2,Saya terpaksa membayar uang parkir kepada petugas parkir liar tersebut karena saya tidak ingin kendaraan saya dirusak
Andrea Jackson,Kampung Wisata Kadipaten,2,Saya terpaksa membayar uang parkir kepada petugas parkir liar tersebut karena saya tidak ingin kendaraan saya dirusak
Melissa French,Kampung Wisata Kadipaten,2,Saya terpaksa membayar uang parkir kepada petugas parkir liar tersebut karena saya tidak ingin kendaraan saya dirusak
Nathan Mclaughlin Jr.,Kampung Wisata Kadipaten,2,Saya terpaksa membayar uang parkir kepada petugas parkir liar tersebut karena saya tidak ingin kendaraan saya dirusak
Joshua Thomas,Kampung Wisata Kadipaten,2,Saya terpaksa membayar uang parkir kepada petugas parkir liar tersebut karena saya tidak ingin kendaraan saya dirusak
Trevor Jackson,Kampung Wisata Kadipaten,2,Saya terpaksa membayar uang parkir kepada petugas parkir liar tersebut karena saya tidak ingin kendaraan saya dirusak
Lisa Ramirez,Kampung Wisata Kadipaten,2,Saya terpaksa membayar uang parkir kepada petugas parkir liar tersebut karena saya tidak ingin kendaraan saya dirusak
David White,Kampung Wisata Kadipaten,2,Saya terpaksa membayar uang parkir kepada petugas parkir liar tersebut karena saya tidak ingin kendaraan saya dirusak
Debbie Johnson,Kampung Wisata Kadipaten,2,Saya terpaksa membayar uang parkir kepada petugas parkir liar tersebut karena saya tidak ingin kendaraan saya dirusak
Connie Lam,Kampung Wisata Kadipaten,2,Saya terpaksa membayar uang parkir kepada petugas parkir liar tersebut karena saya tidak ingin kendaraan saya dirusak
Sarah Cook,Kampung Wisata Kadipaten,2,Saya terpaksa membayar uang parkir kepada petugas parkir liar tersebut karena saya tidak ingin kendaraan saya dirusak
Ann Nicholson,Kampung Wisata Kadipaten,2,Saya terpaksa membayar uang parkir kepada petugas parkir liar tersebut karena saya tidak ingin kendaraan saya dirusak
Jonathan Long,Kampung Wisata Kadipaten,2,Saya terpaksa membayar uang parkir kepada petugas parkir liar tersebut karena saya tidak ingin kendaraan saya dirusak
Rebecca Leon,Kampung Wisata Kadipaten,2,Saya terpaksa membayar uang parkir kepada petugas parkir liar tersebut karena saya tidak ingin kendaraan saya dirusak
Anthony Davis,Kampung Wisata Kadipaten,2,Saya terpaksa membayar uang parkir kepada petugas parkir liar tersebut karena saya tidak ingin kendaraan saya dirusak
Travis Hall,Kampung Wisata Kadipaten,2,Saya terpaksa membayar uang parkir kepada petugas parkir liar tersebut karena saya tidak ingin kendaraan saya dirusak
Kaitlyn Clay,Kampung Wisata Kadipaten,2,Saya terpaksa membayar uang parkir kepada petugas parkir liar tersebut karena saya tidak ingin kendaraan saya dirusak
Donald Martinez,Kampung Wisata Kadipaten,2,Saya terpaksa membayar uang parkir kepada petugas parkir liar tersebut karena saya tidak ingin kendaraan saya dirusak
Devin Potts,Kampung Wisata Kadipaten,2,Saya terpaksa membayar uang parkir kepada petugas parkir liar tersebut karena saya tidak ingin kendaraan saya dirusak
Tina Glover,Kampung Wisata Kadipaten,1,Saya sedang berkendara di tempat wisata pada hari minggu kemrin pukul 10.00 WIB ketika tiba-tiba dihampiri oleh seorang laki-laki memalak saya dia meminta barang dan uang saya
Stephen Horne,Kampung Wisata Kadipaten,1,Saya sedang berkendara di tempat wisata pada hari minggu kemrin pukul 10.00 WIB ketika tiba-tiba dihampiri oleh seorang laki-laki memalak saya dia meminta barang dan uang saya
Eric Williams,Kampung Wisata Kadipaten,1,Saya sedang berkendara di tempat wisata pada hari minggu kemrin pukul 10.00 WIB ketika tiba-tiba dihampiri oleh seorang laki-laki memalak saya dia meminta barang dan uang saya
Joan Turner,Kampung Wisata Kadipaten,1,Saya sedang berkendara di tempat wisata pada hari minggu kemrin pukul 10.00 WIB ketika tiba-tiba dihampiri oleh seorang laki-laki memalak saya dia meminta barang dan uang saya
Jennifer Nelson,Kampung Wisata Kadipaten,1,Saya sedang berkendara di tempat wisata pada hari minggu kemrin pukul 10.00 WIB ketika tiba-tiba dihampiri oleh seorang laki-laki memalak saya dia meminta barang dan uang saya
Daniel Brown,Kampung Wisata Kadipaten,1,Saya sedang berkendara di tempat wisata pada hari minggu kemrin pukul 10.00 WIB ketika tiba-tiba dihampiri oleh seorang laki-laki memalak saya dia meminta barang dan uang saya
Andrea Johnson,Kampung Wisata Kadipaten,1,Saya sedang berkendara di tempat wisata pada hari minggu kemrin pukul 10.00 WIB ketika tiba-tiba dihampiri oleh seorang laki-laki memalak saya dia meminta barang dan uang saya
Thomas Craig,Kampung Wisata Kadipaten,1,Saya sedang berkendara di tempat wisata pada hari minggu kemrin pukul 10.00 WIB ketika tiba-tiba dihampiri oleh seorang laki-laki memalak saya dia meminta barang dan uang saya
Karina Roberson,Kampung Wisata Kadipaten,1,Saya sedang berkendara di tempat wisata pada hari minggu kemrin pukul 10.00 WIB ketika tiba-tiba dihampiri oleh seorang laki-laki memalak saya dia meminta barang dan uang saya
Andrew Cummings,Kampung Wisata Kadipaten,1,Saya sedang berkendara di tempat wisata pada hari minggu kemrin pukul 10.00 WIB ketika tiba-tiba dihampiri oleh seorang laki-laki memalak saya dia meminta barang dan uang saya
Michael Johnson,Kampung Wisata Kadipaten,1,Saya sedang berkendara di tempat wisata pada hari minggu kemrin pukul 10.00 WIB ketika tiba-tiba dihampiri oleh seorang laki-laki memalak saya dia meminta barang dan uang saya
Elizabeth Smith,Kampung Wisata Kadipaten,1,Saya sedang berkendara di tempat wisata pada hari minggu kemrin pukul 10.00 WIB ketika tiba-tiba dihampiri oleh seorang laki-laki memalak saya dia meminta barang dan uang saya
Christian Chase,Kampung Wisata Kadipaten,1,Saya sedang berkendara di tempat wisata pada hari minggu kemrin pukul 10.00 WIB ketika tiba-tiba dihampiri oleh seorang laki-laki memalak saya dia meminta barang dan uang saya
Douglas Vincent MD,Kampung Wisata Kadipaten,1,Saya sedang berkendara di tempat wisata pada hari minggu kemrin pukul 10.00 WIB ketika tiba-tiba dihampiri oleh seorang laki-laki memalak saya dia meminta barang dan uang saya
Diane Mahoney,Kampung Wisata Kadipaten,1,Saya sedang berkendara di tempat wisata pada hari minggu kemrin pukul 10.00 WIB ketika tiba-tiba dihampiri oleh seorang laki-laki memalak saya dia meminta barang dan uang saya
Teresa Chavez,Kampung Wisata Kadipaten,1,Saya sedang berkendara di tempat wisata pada hari minggu kemrin pukul 10.00 WIB ketika tiba-tiba dihampiri oleh seorang laki-laki memalak saya dia meminta barang dan uang saya
Sandra Butler,Kampung Wisata Kadipaten,1,Saya sedang berkendara di tempat wisata pada hari minggu kemrin pukul 10.00 WIB ketika tiba-tiba dihampiri oleh seorang laki-laki memalak saya dia meminta barang dan uang saya
Dr. Jason Waters MD,Kampung Wisata Kadipaten,1,Saya sedang berkendara di tempat wisata pada hari minggu kemrin pukul 10.00 WIB ketika tiba-tiba dihampiri oleh seorang laki-laki memalak saya dia meminta barang dan uang saya
David Jones,Kampung Wisata Kadipaten,1,Saya sedang berkendara di tempat wisata pada hari minggu kemrin pukul 10.00 WIB ketika tiba-tiba dihampiri oleh seorang laki-laki memalak saya dia meminta barang dan uang saya
Christopher Harvey,Kampung Wisata Kadipaten,1,Saya sedang berkendara di tempat wisata pada hari minggu kemrin pukul 10.00 WIB ketika tiba-tiba dihampiri oleh seorang laki-laki memalak saya dia meminta barang dan uang saya
Ronald Camacho,Kampung Wisata Kadipaten,1,Saya sedang berkendara di tempat wisata pada hari minggu kemrin pukul 10.00 WIB ketika tiba-tiba dihampiri oleh seorang laki-laki memalak saya dia meminta barang dan uang saya
Gabriela Camacho,Kampung Wisata Kadipaten,2,"Pada hari Selasa kemarin, saya dipaksa menyerahkan jam tangan saya oleh seorang laki-laki yang memalak saya "
John Parsons,Kampung Wisata Kadipaten,2,"Pada hari Selasa kemarin, saya dipaksa menyerahkan jam tangan saya oleh seorang laki-laki yang memalak saya "
Brianna Odonnell,Kampung Wisata Kadipaten,2,"Pada hari Selasa kemarin, saya dipaksa menyerahkan jam tangan saya oleh seorang laki-laki yang memalak saya "
William Myers,Kampung Wisata Kadipaten,2,"Pada hari Selasa kemarin, saya dipaksa menyerahkan jam tangan saya oleh seorang laki-laki yang memalak saya "
Derek Rivera,Kampung Wisata Kadipaten,2,"Pada hari Selasa kemarin, saya dipaksa menyerahkan jam tangan saya oleh seorang laki-laki yang memalak saya "
Sandra Wagner,Kampung Wisata Kadipaten,2,"Pada hari Selasa kemarin, saya dipaksa menyerahkan jam tangan saya oleh seorang laki-laki yang memalak saya "
Rachel Thomas,Kampung Wisata Kadipaten,2,"Pada hari Selasa kemarin, saya dipaksa menyerahkan jam tangan saya oleh seorang laki-laki yang memalak saya "
Mandy Smith,Kampung Wisata Kadipaten,2,"Pada hari Selasa kemarin, saya dipaksa menyerahkan jam tangan saya oleh seorang laki-laki yang memalak saya "
Richard Dickerson,Kampung Wisata Kadipaten,2,"Pada hari Selasa kemarin, saya dipaksa menyerahkan jam tangan saya oleh seorang laki-laki yang memalak saya "
William Greer,Kampung Wisata Kadipaten,2,"Pada hari Selasa kemarin, saya dipaksa menyerahkan jam tangan saya oleh seorang laki-laki yang memalak saya "
Edward Reyes,Kampung Wisata Kadipaten,2,"Pada hari Selasa kemarin, saya dipaksa menyerahkan jam tangan saya oleh seorang laki-laki yang memalak saya "
Emily Hughes,Kampung Wisata Kadipaten,2,"Pada hari Selasa kemarin, saya dipaksa menyerahkan jam tangan saya oleh seorang laki-laki yang memalak saya "
William Ruiz,Kampung Wisata Kadipaten,2,"Pada hari Selasa kemarin, saya dipaksa menyerahkan jam tangan saya oleh seorang laki-laki yang memalak saya "
Jim Cochran,Kampung Wisata Kadipaten,2,"Pada hari Selasa kemarin, saya dipaksa menyerahkan jam tangan saya oleh seorang laki-laki yang memalak saya "
Brandon Cortez,Kampung Wisata Kadipaten,2,"Pada hari Selasa kemarin, saya dipaksa menyerahkan jam tangan saya oleh seorang laki-laki yang memalak saya "
Elijah Rodriguez,Kampung Wisata Kadipaten,2,"Pada hari Selasa kemarin, saya dipaksa menyerahkan jam tangan saya oleh seorang laki-laki yang memalak saya "
Zachary Ayers,Kampung Wisata Kadipaten,2,"Pada hari Selasa kemarin, saya dipaksa menyerahkan jam tangan saya oleh seorang laki-laki yang memalak saya "
Matthew Ortega,Kampung Wisata Kadipaten,2,"Pada hari Selasa kemarin, saya dipaksa menyerahkan jam tangan saya oleh seorang laki-laki yang memalak saya "
Lisa Nelson,Kampung Wisata Kadipaten,2,"Pada hari Selasa kemarin, saya dipaksa menyerahkan jam tangan saya oleh seorang laki-laki yang memalak saya "
Jennifer Pruitt,Kampung Wisata Kadipaten,1,"Saya sedang berlibur di tempat wisata, ketika petugas meminta uang tambahan sebesar Rp100.000 kepada saya, padahal saya sudah membayar tiket masuk sebesar Rp50.000."
Brittney Barnett,Kampung Wisata Kadipaten,1,"Saya sedang berlibur di tempat wisata, ketika petugas meminta uang tambahan sebesar Rp100.000 kepada saya, padahal saya sudah membayar tiket masuk sebesar Rp50.000."
John Barr Jr.,Kampung Wisata Kadipaten,1,"Saya sedang berlibur di tempat wisata, ketika petugas meminta uang tambahan sebesar Rp100.000 kepada saya, padahal saya sudah membayar tiket masuk sebesar Rp50.000."
Brenda Weaver,Kampung Wisata Kadipaten,1,"Saya sedang berlibur di tempat wisata, ketika petugas meminta uang tambahan sebesar Rp100.000 kepada saya, padahal saya sudah membayar tiket masuk sebesar Rp50.000."
Renee Cortez,Kampung Wisata Kadipaten,1,"Saya sedang berlibur di tempat wisata, ketika petugas meminta uang tambahan sebesar Rp100.000 kepada saya, padahal saya sudah membayar tiket masuk sebesar Rp50.000."
Nancy Brown,Kampung Wisata Kadipaten,1,"Saya sedang berlibur di tempat wisata, ketika petugas meminta uang tambahan sebesar Rp100.000 kepada saya, padahal saya sudah membayar tiket masuk sebesar Rp50.000."
Ryan Jackson,Kampung Wisata Kadipaten,1,"Saya sedang berlibur di tempat wisata, ketika petugas meminta uang tambahan sebesar Rp100.000 kepada saya, padahal saya sudah membayar tiket masuk sebesar Rp50.000."
Michael Barrera,Kampung Wisata Kadipaten,1,"Saya sedang berlibur di tempat wisata, ketika petugas meminta uang tambahan sebesar Rp100.000 kepada saya, padahal saya sudah membayar tiket masuk sebesar Rp50.000."
Russell Rodgers,Kampung Wisata Kadipaten,1,"Saya sedang berlibur di tempat wisata, ketika petugas meminta uang tambahan sebesar Rp100.000 kepada saya, padahal saya sudah membayar tiket masuk sebesar Rp50.000."
Julie Brooks,Kampung Wisata Kadipaten,1,"Saya sedang berlibur di tempat wisata, ketika petugas meminta uang tambahan sebesar Rp100.000 kepada saya, padahal saya sudah membayar tiket masuk sebesar Rp50.000."
Michelle Tyler,Kampung Wisata Kadipaten,1,"Saya sedang berlibur di tempat wisata, ketika petugas meminta uang tambahan sebesar Rp100.000 kepada saya, padahal saya sudah membayar tiket masuk sebesar Rp50.000."
Emily White,Kampung Wisata Kadipaten,1,"Saya sedang berlibur di tempat wisata, ketika petugas meminta uang tambahan sebesar Rp100.000 kepada saya, padahal saya sudah membayar tiket masuk sebesar Rp50.000."
John Price,Kampung Wisata Kadipaten,1,"Saya sedang berlibur di tempat wisata, ketika petugas meminta uang tambahan sebesar Rp100.000 kepada saya, padahal saya sudah membayar tiket masuk sebesar Rp50.000."
Rebekah Jones,Kampung Wisata Kadipaten,1,"Saya sedang berlibur di tempat wisata, ketika petugas meminta uang tambahan sebesar Rp100.000 kepada saya, padahal saya sudah membayar tiket masuk sebesar Rp50.000."
Alicia Ewing,Kampung Wisata Kadipaten,1,"Saya sedang berlibur di tempat wisata, ketika petugas meminta uang tambahan sebesar Rp100.000 kepada saya, padahal saya sudah membayar tiket masuk sebesar Rp50.000."
Caitlyn Cardenas,Kampung Wisata Kadipaten,1,"Saya sedang berlibur di tempat wisata, ketika petugas meminta uang tambahan sebesar Rp100.000 kepada saya, padahal saya sudah membayar tiket masuk sebesar Rp50.000."
William Edwards,Kampung Wisata Kadipaten,1,"Saya sedang berlibur di tempat wisata, ketika petugas meminta uang tambahan sebesar Rp100.000 kepada saya, padahal saya sudah membayar tiket masuk sebesar Rp50.000."
Rebecca Martinez,Kampung Wisata Kadipaten,1,"Saya sedang berlibur di tempat wisata, ketika petugas meminta uang tambahan sebesar Rp100.000 kepada saya, padahal saya sudah membayar tiket masuk sebesar Rp50.000."
Christina Young,Kampung Wisata Kadipaten,1,"Saya sedang berlibur di tempat wisata, ketika petugas meminta uang tambahan sebesar Rp100.000 kepada saya, padahal saya sudah membayar tiket masuk sebesar Rp50.000."
Matthew Lynch,Kampung Wisata Kadipaten,1,"Saya sedang berlibur di tempat wisata, ketika petugas meminta uang tambahan sebesar Rp100.000 kepada saya, padahal saya sudah membayar tiket masuk sebesar Rp50.000."
Dustin Wallace,Kampung Wisata Kadipaten,2,"Petugas di tempat wisata tiba-tiba meminta uang tambahan kepada saya, padahal saya sudah membayar tiket masuk."
Nicole Warren,Kampung Wisata Kadipaten,2,"Petugas di tempat wisata tiba-tiba meminta uang tambahan kepada saya, padahal saya sudah membayar tiket masuk."
Jason Elliott,Kampung Wisata Kadipaten,2,"Petugas di tempat wisata tiba-tiba meminta uang tambahan kepada saya, padahal saya sudah membayar tiket masuk."
Brian Hayes,Kampung Wisata Kadipaten,2,"Petugas di tempat wisata tiba-tiba meminta uang tambahan kepada saya, padahal saya sudah membayar tiket masuk."
Amanda Doyle,Kampung Wisata Kadipaten,2,"Petugas di tempat wisata tiba-tiba meminta uang tambahan kepada saya, padahal saya sudah membayar tiket masuk."
Madison Roberts,Kampung Wisata Kadipaten,2,"Petugas di tempat wisata tiba-tiba meminta uang tambahan kepada saya, padahal saya sudah membayar tiket masuk."
Amy Johnson,Kampung Wisata Kadipaten,2,"Petugas di tempat wisata tiba-tiba meminta uang tambahan kepada saya, padahal saya sudah membayar tiket masuk."
Brandon Mcdonald,Kampung Wisata Kadipaten,2,"Petugas di tempat wisata tiba-tiba meminta uang tambahan kepada saya, padahal saya sudah membayar tiket masuk."
Christopher Joseph,Kampung Wisata Kadipaten,2,"Petugas di tempat wisata tiba-tiba meminta uang tambahan kepada saya, padahal saya sudah membayar tiket masuk."
Allison Gould,Kampung Wisata Kadipaten,2,"Petugas di tempat wisata tiba-tiba meminta uang tambahan kepada saya, padahal saya sudah membayar tiket masuk."
Joseph Stephenson,Kampung Wisata Kadipaten,2,"Petugas di tempat wisata tiba-tiba meminta uang tambahan kepada saya, padahal saya sudah membayar tiket masuk."
Kristen Frye,Kampung Wisata Kadipaten,2,"Petugas di tempat wisata tiba-tiba meminta uang tambahan kepada saya, padahal saya sudah membayar tiket masuk."
Jaime Lee,Kampung Wisata Kadipaten,2,"Petugas di tempat wisata tiba-tiba meminta uang tambahan kepada saya, padahal saya sudah membayar tiket masuk."
Stephanie Rodriguez,Kampung Wisata Kadipaten,2,"Petugas di tempat wisata tiba-tiba meminta uang tambahan kepada saya, padahal saya sudah membayar tiket masuk."
Norma Lee,Kampung Wisata Kadipaten,2,"Petugas di tempat wisata tiba-tiba meminta uang tambahan kepada saya, padahal saya sudah membayar tiket masuk."
Bethany Herrera,Kampung Wisata Kadipaten,2,"Petugas di tempat wisata tiba-tiba meminta uang tambahan kepada saya, padahal saya sudah membayar tiket masuk."
Jonathan Cantrell,Kampung Wisata Kadipaten,2,"Petugas di tempat wisata tiba-tiba meminta uang tambahan kepada saya, padahal saya sudah membayar tiket masuk."
Emily Yoder,Kampung Wisata Kadipaten,2,"Petugas di tempat wisata tiba-tiba meminta uang tambahan kepada saya, padahal saya sudah membayar tiket masuk."
Daniel Williamson,Kampung Wisata Kadipaten,1,di tempat wisata ada orang yang melakukan parkir liar dan mengacam jika tidak membayar
Jill Fields,Kampung Wisata Kadipaten,1,di tempat wisata ada orang yang melakukan parkir liar dan mengacam jika tidak membayar
Janet Williams,Kampung Wisata Kadipaten,1,di tempat wisata ada orang yang melakukan parkir liar dan mengacam jika tidak membayar
Nathan Jackson,Kampung Wisata Kadipaten,1,di tempat wisata ada orang yang melakukan parkir liar dan mengacam jika tidak membayar
David Short,Kampung Wisata Kadipaten,1,di tempat wisata ada orang yang melakukan parkir liar dan mengacam jika tidak membayar
Wendy Tucker,Kampung Wisata Kadipaten,1,di tempat wisata ada orang yang melakukan parkir liar dan mengacam jika tidak membayar
Andrew Randall,Kampung Wisata Kadipaten,1,di tempat wisata ada orang yang melakukan parkir liar dan mengacam jika tidak membayar
Melissa Gilbert,Kampung Wisata Kadipaten,1,di tempat wisata ada orang yang melakukan parkir liar dan mengacam jika tidak membayar
Elizabeth Berry,Kampung Wisata Kadipaten,1,di tempat wisata ada orang yang melakukan parkir liar dan mengacam jika tidak membayar
Yolanda Miller,Kampung Wisata Kadipaten,1,di tempat wisata ada orang yang melakukan parkir liar dan mengacam jika tidak membayar
Matthew Brown,Kampung Wisata Kadipaten,2,ada orang yang memalak
Abigail Lozano,Kampung Wisata Kadipaten,2,ada orang yang memalak
Lisa Simmons,Kampung Wisata Kadipaten,2,ada orang yang memalak
Mary Scott,Kampung Wisata Kadipaten,2,ada orang yang memalak
Michele Carr,Kampung Wisata Kadipaten,2,ada orang yang memalak
Ricky Thompson,Kampung Wisata Kadipaten,1,ada orang yang meminta uang tambahan
Mrs. Susan Keller,Kampung Wisata Kadipaten,1,ada orang yang meminta uang tambahan
Jason Hartman,Kampung Wisata Kadipaten,1,ada orang yang meminta uang tambahan
Jessica Hall,Kampung Wisata Kadipaten,1,ada orang yang meminta uang tambahan
Tyler Bartlett,Kampung Wisata Kadipaten,1,ada orang yang meminta uang tambahan
Cindy Harper DDS,Kampung Wisata Kadipaten,1,ada orang yang meminta uang tambahan
Suzanne Schultz,Kampung Wisata Kadipaten,1,ada orang yang meminta uang tambahan
Stephanie Valdez,Kampung Wisata Kadipaten,1,ada orang yang meminta uang tambahan
Cody Carroll,Kampung Wisata Kadipaten,1,ada orang yang meminta uang tambahan
Theresa Vargas,Kampung Wisata Kadipaten,1,ada orang yang meminta uang tambahan
Richard Howard,Kampung Wisata Kadipaten,1,ada orang yang meminta uang tambahan
Craig Bryant,Kampung Wisata Kadipaten,2,pihak penjaga tike Meminta uang Tambahan tidak sesuai tarif
Steven Stewart,Kampung Wisata Kadipaten,2,pihak penjaga tike Meminta uang Tambahan tidak sesuai tarif
Amy Schmitt,Kampung Wisata Kadipaten,2,pihak penjaga tike Meminta uang Tambahan tidak sesuai tarif
Joseph Douglas,Kampung Wisata Kadipaten,2,pihak penjaga tike Meminta uang Tambahan tidak sesuai tarif
Monica Peters,Kampung Wisata Kadipaten,2,pihak penjaga tike Meminta uang Tambahan tidak sesuai tarif
Kevin Bryant,Kampung Wisata Kadipaten,2,pihak penjaga tike Meminta uang Tambahan tidak sesuai tarif
Tina Stewart,Kampung Wisata Kadipaten,2,pihak penjaga tike Meminta uang Tambahan tidak sesuai tarif
Albert Clay,Kampung Wisata Kadipaten,2,pihak penjaga tike Meminta uang Tambahan tidak sesuai tarif
Holly Chase,Kampung Wisata Kadipaten,3,parkir liar meresahkan
Daniel Schneider,Kampung Wisata Kadipaten,3,parkir liar meresahkan
David Gross,Kampung Wisata Kadipaten,3,parkir liar meresahkan
Paula Bell,Kampung Wisata Kadipaten,3,parkir liar meresahkan
Kristi Thomas,Kampung Wisata Kadipaten,3,parkir liar meresahkan
Taylor Hamilton,Kampung Wisata Kadipaten,3,parkir liar meresahkan
Dr. Jonathan Lamb Jr.,Kampung Wisata Kadipaten,3,parkir liar meresahkan
Terry Phillips,Kampung Wisata Kadipaten,3,parkir liar meresahkan
Kenneth Riley,Kampung Wisata Kadipaten,3,parkir liar meresahkan
Felicia Watts,Kampung Wisata Kadipaten,3,parkir liar meresahkan
Michelle Burns,Kampung Wisata Kadipaten,3,parkir liar meresahkan
Julie Gordon,Kampung Wisata Kadipaten,3,parkir liar meresahkan
Sheri Smith,Kampung Wisata Kadipaten,2,ada orang yang memalak saya
Teresa Dillon,Kampung Wisata Kadipaten,2,ada orang yang memalak saya
Larry Carter,Kampung Wisata Kadipaten,2,ada orang yang memalak saya
Michael Jones,Kampung Wisata Kadipaten,2,ada orang yang memalak saya
Joseph White,Kampung Wisata Kadipaten,2,ada orang yang memalak saya
Mr. Matthew Jacobs,Kampung Wisata Kadipaten,2,ada orang yang memalak saya
Lindsey Bender,Kampung Wisata Kadipaten,2,ada orang yang memalak saya
Christian Hunt,Kampung Wisata Kadipaten,2,ada orang yang memalak saya
Lauren Gonzalez,Kampung Wisata Kadipaten,2,ada orang yang memalak saya
Bryce Kim,Kampung Wisata Kadipaten,2,ada orang yang memalak saya
Shannon Fletcher,Kampung Wisata Kadipaten,2,ada orang yang memalak saya
Steven Weaver,Kampung Wisata Kadipaten,2,ada orang yang memalak saya
Katherine Stanton,Kampung Wisata Kadipaten,1,saya dimintai uang tempat padahal saya sudah membayar saya tidak terima ini termasuk pungli
Mary Bennett,Kampung Wisata Kadipaten,1,saya dimintai uang tempat padahal saya sudah membayar saya tidak terima ini termasuk pungli
Taylor Robinson,Kampung Wisata Kadipaten,1,saya dimintai uang tempat padahal saya sudah membayar saya tidak terima ini termasuk pungli
Mr. Gary Walters Jr.,Kampung Wisata Kadipaten,1,saya dimintai uang tempat padahal saya sudah membayar saya tidak terima ini termasuk pungli
Julie Rocha,Kampung Wisata Kadipaten,1,saya dimintai uang tempat padahal saya sudah membayar saya tidak terima ini termasuk pungli
Mary Davis,Kampung Wisata Kadipaten,2,staf meminta uang tambahan yang tidak masuk akal
Anthony Wood,Kampung Wisata Kadipaten,2,staf meminta uang tambahan yang tidak masuk akal
Dustin May,Kampung Wisata Kadipaten,2,staf meminta uang tambahan yang tidak masuk akal
Michael Miles,Kampung Wisata Kadipaten,2,staf meminta uang tambahan yang tidak masuk akal
Victoria King,Kampung Wisata Kadipaten,2,staf meminta uang tambahan yang tidak masuk akal
Adam Ward,Kampung Wisata Kadipaten,2,staf meminta uang tambahan yang tidak masuk akal
Bobby Hudson,Kampung Wisata Kadipaten,1,saya dimintai uang tempat padahal saya sudah membayar saya tidak terima ini termasuk pungutan liar
Brenda Potter,Kampung Wisata Kadipaten,1,saya dimintai uang tempat padahal saya sudah membayar saya tidak terima ini termasuk pungutan liar
Kathryn Ortega,Kampung Wisata Kadipaten,1,saya dimintai uang tempat padahal saya sudah membayar saya tidak terima ini termasuk pungutan liar
Joseph Howard,Kampung Wisata Kadipaten,2,ada orang yang memalak saya sebesar 50.008
Margaret Chavez,Kampung Wisata Kadipaten,2,ada orang yang memalak saya sebesar 50.013
Megan Joseph,Kampung Wisata Kadipaten,2,ada orang yang memalak saya sebesar 50.015
Kathleen Collier,Kampung Wisata Kadipaten,1,staf meminta uang tambahan yang tidak masuk akal
Katie Stephens,Kampung Wisata Kadipaten,3,"Saya mendatangi destinasi yang katanya gratis parkir, tetapi ternyata ada parkir liar yang meminta uang sebesar 10 ribu."
Nina Alvarado,Kampung Wisata Kadipaten,3,"Saya mendatangi destinasi yang katanya gratis parkir, tetapi ternyata ada parkir liar yang meminta uang sebesar 10 ribu."
Amanda Young,Kampung Wisata Kadipaten,3,"Saya mendatangi destinasi yang katanya gratis parkir, tetapi ternyata ada parkir liar yang meminta uang sebesar 10 ribu."
David Harris,Kampung Wisata Kadipaten,3,"Saya mendatangi destinasi yang katanya gratis parkir, tetapi ternyata ada parkir liar yang meminta uang sebesar 10 ribu."
Carlos Choi,Kampung Wisata Kadipaten,3,"Saya mendatangi destinasi yang katanya gratis parkir, tetapi ternyata ada parkir liar yang meminta uang sebesar 10 ribu."
Daniel Patel,Kampung Wisata Kadipaten,3,"Saya mendatangi destinasi yang katanya gratis parkir, tetapi ternyata ada parkir liar yang meminta uang sebesar 10 ribu."
Rachel Martinez,Kampung Wisata Kadipaten,3,"Saya mendatangi destinasi yang katanya gratis parkir, tetapi ternyata ada parkir liar yang meminta uang sebesar 10 ribu."
Kyle Brooks,Kampung Wisata Kadipaten,3,"Saya mendatangi destinasi yang katanya gratis parkir, tetapi ternyata ada parkir liar yang meminta uang sebesar 10 ribu."
Linda Smith,Kampung Wisata Kadipaten,3,"Saya mendatangi destinasi yang katanya gratis parkir, tetapi ternyata ada parkir liar yang meminta uang sebesar 10 ribu."
Robert Santiago,Kampung Wisata Kadipaten,3,"Saya mendatangi destinasi yang katanya gratis parkir, tetapi ternyata ada parkir liar yang meminta uang sebesar 10 ribu."
Angela King,Kampung Wisata Kadipaten,1,ada parkir liar
Joshua Mitchell,Kampung Wisata Kadipaten,5,tempatnya menyenangkan
Jenna Gonzalez,Kampung Wisata Kadipaten,5,tempatnya menyenangkan